UNITID,INSTNM,INST_DISPLAYNM,CIPCODE,CIPDESC,CREDDESC,IPEDSCOUNT1,IPEDSCOUNT2,AWARDSTOTAL
100654,Alabama A & M University,Alabama A&M,5202,"Business Administration, Management and Operations.",Bachelor's Degree,43,39,82
100654,Alabama A & M University,Alabama A&M,4301,Criminal Justice and Corrections.,Bachelor's Degree,46,32,78
100654,Alabama A & M University,Alabama A&M,4201,"Psychology, General.",Bachelor's Degree,38,34,72
100654,Alabama A & M University,Alabama A&M,1101,"Computer and Information Sciences, General.",Bachelor's Degree,41,26,67
100654,Alabama A & M University,Alabama A&M,1419,Mechanical Engineering.,Bachelor's Degree,30,20,50
100654,Alabama A & M University,Alabama A&M,4407,Social Work.,Bachelor's Degree,22,23,45
100654,Alabama A & M University,Alabama A&M,1002,Audiovisual Communications Technologies/Technicians.,Bachelor's Degree,17,24,41
100654,Alabama A & M University,Alabama A&M,3105,"Sports, Kinesiology, and Physical Education/Fitness.",Bachelor's Degree,17,24,41
100654,Alabama A & M University,Alabama A&M,1410,"Electrical, Electronics, and Communications Engineering.",Bachelor's Degree,18,22,40
100654,Alabama A & M University,Alabama A&M,2401,"Liberal Arts and Sciences, General Studies and Humanities.",Bachelor's Degree,9,25,34
100654,Alabama A & M University,Alabama A&M,5203,Accounting and Related Services.,Bachelor's Degree,19,9,28
100654,Alabama A & M University,Alabama A&M,109,Animal Sciences.,Bachelor's Degree,9,18,27
100654,Alabama A & M University,Alabama A&M,1510,Construction Engineering Technology/Technician.,Bachelor's Degree,8,19,27
100654,Alabama A & M University,Alabama A&M,1310,Special Education and Teaching.,Bachelor's Degree,11,14,25
100654,Alabama A & M University,Alabama A&M,5214,Marketing.,Bachelor's Degree,10,15,25
100654,Alabama A & M University,Alabama A&M,1408,Civil Engineering.,Bachelor's Degree,7,15,22
100654,Alabama A & M University,Alabama A&M,1901,"Family and Consumer Sciences/Human Sciences, General.",Bachelor's Degree,12,10,22
100654,Alabama A & M University,Alabama A&M,4510,Political Science and Government.,Bachelor's Degree,12,9,21
100654,Alabama A & M University,Alabama A&M,110,Food Science and Technology.,Bachelor's Degree,7,8,15
100654,Alabama A & M University,Alabama A&M,5208,Finance and Financial Management Services.,Bachelor's Degree,5,9,14
100654,Alabama A & M University,Alabama A&M,1312,"Teacher Education and Professional Development, Specific Levels and Methods.",Bachelor's Degree,7,6,13
100654,Alabama A & M University,Alabama A&M,2301,"English Language and Literature, General.",Bachelor's Degree,6,7,13
100654,Alabama A & M University,Alabama A&M,305,Forestry.,Bachelor's Degree,8,4,12
100654,Alabama A & M University,Alabama A&M,4005,Chemistry.,Bachelor's Degree,5,6,11
100654,Alabama A & M University,Alabama A&M,5009,Music.,Bachelor's Degree,6,3,9
100654,Alabama A & M University,Alabama A&M,2701,Mathematics.,Bachelor's Degree,1,5,6
100654,Alabama A & M University,Alabama A&M,4511,Sociology.,Bachelor's Degree,4,1,5
100654,Alabama A & M University,Alabama A&M,403,"City/Urban, Community, and Regional Planning.",Bachelor's Degree,3,1,4
100654,Alabama A & M University,Alabama A&M,199,"Agricultural/Animal/Plant/Veterinary Science and Related Fields, Other.",Bachelor's Degree,1,2,3
100654,Alabama A & M University,Alabama A&M,1313,"Teacher Education and Professional Development, Specific Subject Areas.",Bachelor's Degree,2,1,3
100654,Alabama A & M University,Alabama A&M,5207,Entrepreneurial and Small Business Operations.,Bachelor's Degree,1,2,3
100654,Alabama A & M University,Alabama A&M,4008,Physics.,Bachelor's Degree,1,1,2
100654,Alabama A & M University,Alabama A&M,5007,Fine and Studio Arts.,Bachelor's Degree,1,1,2
100654,Alabama A & M University,Alabama A&M,2601,"Biology, General.",Bachelor's Degree,60,57,117
100724,Alabama State University,Alabama State,3099,"Multi/Interdisciplinary Studies, Other.",Bachelor's Degree,46,41,87
100724,Alabama State University,Alabama State,4301,Criminal Justice and Corrections.,Bachelor's Degree,47,36,83
100724,Alabama State University,Alabama State,901,Communication and Media Studies.,Bachelor's Degree,29,26,55
100724,Alabama State University,Alabama State,5202,"Business Administration, Management and Operations.",Bachelor's Degree,28,23,51
100724,Alabama State University,Alabama State,4407,Social Work.,Bachelor's Degree,21,28,49
100724,Alabama State University,Alabama State,5123,Rehabilitation and Therapeutic Professions.,Bachelor's Degree,18,31,49
100724,Alabama State University,Alabama State,5203,Accounting and Related Services.,Bachelor's Degree,19,28,47
100724,Alabama State University,Alabama State,4201,"Psychology, General.",Bachelor's Degree,25,21,46
100724,Alabama State University,Alabama State,1312,"Teacher Education and Professional Development, Specific Levels and Methods.",Bachelor's Degree,26,19,45
100724,Alabama State University,Alabama State,1104,Information Science/Studies.,Bachelor's Degree,23,17,40
100724,Alabama State University,Alabama State,5009,Music.,Bachelor's Degree,15,16,31
100724,Alabama State University,Alabama State,5214,Marketing.,Bachelor's Degree,15,14,29
100724,Alabama State University,Alabama State,5208,Finance and Financial Management Services.,Bachelor's Degree,10,14,24
100724,Alabama State University,Alabama State,1107,Computer Science.,Bachelor's Degree,13,10,23
100724,Alabama State University,Alabama State,4510,Political Science and Government.,Bachelor's Degree,13,8,21
100724,Alabama State University,Alabama State,4304,Security Science and Technology.,Bachelor's Degree,12,7,19
100724,Alabama State University,Alabama State,1313,"Teacher Education and Professional Development, Specific Subject Areas.",Bachelor's Degree,3,15,18
100724,Alabama State University,Alabama State,5005,Drama/Theatre Arts and Stagecraft.,Bachelor's Degree,6,11,17
100724,Alabama State University,Alabama State,5003,Dance.,Bachelor's Degree,3,13,16
100724,Alabama State University,Alabama State,2301,"English Language and Literature, General.",Bachelor's Degree,12,2,14
100724,Alabama State University,Alabama State,1405,Biomedical/Medical Engineering.,Bachelor's Degree,5,8,13
100724,Alabama State University,Alabama State,5107,Health and Medical Administrative Services.,Bachelor's Degree,6,7,13
100724,Alabama State University,Alabama State,3103,"Parks, Recreation, and Leisure Facilities Management.",Bachelor's Degree,7,4,11
100724,Alabama State University,Alabama State,5007,Fine and Studio Arts.,Bachelor's Degree,5,5,10
100724,Alabama State University,Alabama State,4005,Chemistry.,Bachelor's Degree,3,6,9
100724,Alabama State University,Alabama State,2701,Mathematics.,Bachelor's Degree,3,4,7
100724,Alabama State University,Alabama State,5401,History.,Bachelor's Degree,5,2,7
100724,Alabama State University,Alabama State,1310,Special Education and Teaching.,Bachelor's Degree,1,1,2
100724,Alabama State University,Alabama State,2613,"Ecology, Evolution, Systematics, and Population Biology.",Bachelor's Degree,1,1,2
100724,Alabama State University,Alabama State,3902,Bible/Biblical Studies.,Bachelor's Degree,4,3,7
138716,Albany State University,Albany State University,5138,"Registered Nursing, Nursing Administration, Nursing Research and Clinical Nursing.",Bachelor's Degree,92,106,198
138716,Albany State University,Albany State University,4301,Criminal Justice and Corrections.,Bachelor's Degree,80,93,173
138716,Albany State University,Albany State University,5202,"Business Administration, Management and Operations.",Bachelor's Degree,55,53,108
138716,Albany State University,Albany State University,4201,"Psychology, General.",Bachelor's Degree,52,40,92
138716,Albany State University,Albany State University,2601,"Biology, General.",Bachelor's Degree,37,45,82
138716,Albany State University,Albany State University,1312,"Teacher Education and Professional Development, Specific Levels and Methods.",Bachelor's Degree,37,27,64
138716,Albany State University,Albany State University,1101,"Computer and Information Sciences, General.",Bachelor's Degree,19,21,40
138716,Albany State University,Albany State University,901,Communication and Media Studies.,Bachelor's Degree,22,17,39
138716,Albany State University,Albany State University,4407,Social Work.,Bachelor's Degree,15,17,32
138716,Albany State University,Albany State University,5214,Marketing.,Bachelor's Degree,10,13,23
138716,Albany State University,Albany State University,5001,"Visual and Performing Arts, General.",Bachelor's Degree,10,12,22
138716,Albany State University,Albany State University,4510,Political Science and Government.,Bachelor's Degree,10,11,21
138716,Albany State University,Albany State University,5203,Accounting and Related Services.,Bachelor's Degree,12,9,21
138716,Albany State University,Albany State University,3000,"Multi-/Interdisciplinary Studies, General.",Bachelor's Degree,12,7,19
138716,Albany State University,Albany State University,4511,Sociology.,Bachelor's Degree,9,9,18
138716,Albany State University,Albany State University,5212,Management Information Systems and Services.,Bachelor's Degree,6,7,13
138716,Albany State University,Albany State University,1301,"Education, General.",Bachelor's Degree,2,5,7
138716,Albany State University,Albany State University,2701,Mathematics.,Bachelor's Degree,6,1,7
138716,Albany State University,Albany State University,2301,"English Language and Literature, General.",Bachelor's Degree,2,4,6
138716,Albany State University,Albany State University,5401,History.,Bachelor's Degree,4,2,6
138716,Albany State University,Albany State University,4005,Chemistry.,Bachelor's Degree,2,3,5
138716,Albany State University,Albany State University,5202,"Business Administration, Management and Operations.",Bachelor's Degree,54,55,109
175342,Alcorn State University,,2401,"Liberal Arts and Sciences, General Studies and Humanities.",Bachelor's Degree,60,52,112
175342,Alcorn State University,,5202,"Business Administration, Management and Operations.",Bachelor's Degree,42,48,90
175342,Alcorn State University,,5138,"Registered Nursing, Nursing Administration, Nursing Research and Clinical Nursing.",Bachelor's Degree,39,36,75
175342,Alcorn State University,,101,Agricultural Business and Management.,Bachelor's Degree,29,25,54
175342,Alcorn State University,,4201,"Psychology, General.",Bachelor's Degree,29,21,50
175342,Alcorn State University,,100,"Agriculture, General.",Bachelor's Degree,24,19,43
175342,Alcorn State University,,4407,Social Work.,Bachelor's Degree,18,25,43
175342,Alcorn State University,,4301,Criminal Justice and Corrections.,Bachelor's Degree,19,20,39
175342,Alcorn State University,,1907,"Human Development, Family Studies, and Related Services.",Bachelor's Degree,20,17,37
175342,Alcorn State University,,5203,Accounting and Related Services.,Bachelor's Degree,21,16,37
175342,Alcorn State University,,1101,"Computer and Information Sciences, General.",Bachelor's Degree,30,6,36
175342,Alcorn State University,,2999,"Military Technologies and Applied Sciences, Other.",Bachelor's Degree,24,12,36
175342,Alcorn State University,,4005,Chemistry.,Bachelor's Degree,25,11,36
175342,Alcorn State University,,901,Communication and Media Studies.,Bachelor's Degree,23,6,29
175342,Alcorn State University,,1312,"Teacher Education and Professional Development, Specific Levels and Methods.",Bachelor's Degree,17,11,28
175342,Alcorn State University,,3105,"Sports, Kinesiology, and Physical Education/Fitness.",Bachelor's Degree,11,15,26
175342,Alcorn State University,,5009,Music.,Bachelor's Degree,18,4,22
175342,Alcorn State University,,3101,"Parks, Recreation, and Leisure Studies.",Bachelor's Degree,9,4,13
175342,Alcorn State University,,1110,Computer/Information Technology Administration and Management.,Bachelor's Degree,9,3,12
175342,Alcorn State University,,2301,"English Language and Literature, General.",Bachelor's Degree,5,5,10
175342,Alcorn State University,,1504,Electromechanical Technologies/Technicians.,Bachelor's Degree,5,4,9
175342,Alcorn State University,,4510,Political Science and Government.,Bachelor's Degree,5,3,8
175342,Alcorn State University,,1905,"Foods, Nutrition, and Related Services.",Bachelor's Degree,6,0,6
175342,Alcorn State University,,2701,Mathematics.,Bachelor's Degree,3,2,5
175342,Alcorn State University,,4511,Sociology.,Bachelor's Degree,2,1,3
175342,Alcorn State University,,5401,History.,Bachelor's Degree,2,1,3
175342,Alcorn State University,,3105,"Sports, Kinesiology, and Physical Education/Fitness.",Bachelor's Degree,27,NA,27
217624,Allen University,,3105,"Sports, Kinesiology, and Physical Education/Fitness.",Bachelor's Degree,11,15,26
217624,Allen University,,2601,"Biology, General.",Bachelor's Degree,8,16,24
217624,Allen University,,4501,"Social Sciences, General.",Bachelor's Degree,8,10,18
217624,Allen University,,2701,Mathematics.,Bachelor's Degree,9,3,12
217624,Allen University,,4301,Criminal Justice and Corrections.,Bachelor's Degree,5,5,10
217624,Allen University,,5009,Music.,Bachelor's Degree,3,5,8
217624,Allen University,,2301,"English Language and Literature, General.",Bachelor's Degree,4,3,7
217624,Allen University,,3802,Religion/Religious Studies.,Bachelor's Degree,1,0,1
217624,Allen University,,5210,Human Resources Management and Services.,Bachelor's Degree,32,NA,32
219505,American Baptist College,,4400,"Human Services, General.",Bachelor's Degree,0,2,2
219505,American Baptist College,,5207,Entrepreneurial and Small Business Operations.,Bachelor's Degree,1,0,1
219505,American Baptist College,,5107,Health and Medical Administrative Services.,Bachelor's Degree,29,16,45
106306,Arkansas Baptist College,,4400,"Human Services, General.",Bachelor's Degree,5,4,9
106306,Arkansas Baptist College,,5202,"Business Administration, Management and Operations.",Bachelor's Degree,4,4,8
106306,Arkansas Baptist College,,4301,Criminal Justice and Corrections.,Bachelor's Degree,3,3,6
106306,Arkansas Baptist College,,4404,Public Administration.,Bachelor's Degree,2,2,4
106306,Arkansas Baptist College,,5207,Entrepreneurial and Small Business Operations.,Bachelor's Degree,2,0,2
106306,Arkansas Baptist College,,1304,Educational Administration and Supervision.,Bachelor's Degree,0,1,1
106306,Arkansas Baptist College,,5138,"Registered Nursing, Nursing Administration, Nursing Research and Clinical Nursing.",Bachelor's Degree,200,197,397
217721,Benedict College,,5202,"Business Administration, Management and Operations.",Bachelor's Degree,32,38,70
217721,Benedict College,,3105,"Sports, Kinesiology, and Physical Education/Fitness.",Bachelor's Degree,29,35,64
217721,Benedict College,,4301,Criminal Justice and Corrections.,Bachelor's Degree,18,28,46
217721,Benedict College,,4201,"Psychology, General.",Bachelor's Degree,22,20,42
217721,Benedict College,,901,Communication and Media Studies.,Bachelor's Degree,18,21,39
217721,Benedict College,,1312,"Teacher Education and Professional Development, Specific Levels and Methods.",Bachelor's Degree,9,24,33
217721,Benedict College,,5122,Public Health.,Bachelor's Degree,18,13,31
217721,Benedict College,,4407,Social Work.,Bachelor's Degree,11,12,23
217721,Benedict College,,1107,Computer Science.,Bachelor's Degree,8,11,19
217721,Benedict College,,1503,Electrical/Electronic Engineering Technologies/Technicians.,Bachelor's Degree,7,11,18
217721,Benedict College,,5203,Accounting and Related Services.,Bachelor's Degree,11,7,18
217721,Benedict College,,1409,Computer Engineering.,Bachelor's Degree,9,8,17
217721,Benedict College,,5007,Fine and Studio Arts.,Bachelor's Degree,6,7,13
217721,Benedict College,,2301,"English Language and Literature, General.",Bachelor's Degree,6,4,10
217721,Benedict College,,5009,Music.,Bachelor's Degree,3,7,10
217721,Benedict College,,5207,Entrepreneurial and Small Business Operations.,Bachelor's Degree,1,9,10
217721,Benedict College,,5208,Finance and Financial Management Services.,Bachelor's Degree,3,6,9
217721,Benedict College,,5010,"Arts, Entertainment, and Media Management.",Bachelor's Degree,2,6,8
217721,Benedict College,,2401,"Liberal Arts and Sciences, General Studies and Humanities.",Bachelor's Degree,5,2,7
217721,Benedict College,,1907,"Human Development, Family Studies, and Related Services.",Bachelor's Degree,3,1,4
217721,Benedict College,,4510,Political Science and Government.,Bachelor's Degree,2,2,4
217721,Benedict College,,1414,Environmental/Environmental Health Engineering.,Bachelor's Degree,2,0,2
217721,Benedict College,,4005,Chemistry.,Bachelor's Degree,0,2,2
217721,Benedict College,,4008,Physics.,Bachelor's Degree,0,2,2
217721,Benedict College,,4304,Security Science and Technology.,Bachelor's Degree,0,2,2
217721,Benedict College,,4511,Sociology.,Bachelor's Degree,2,0,2
217721,Benedict College,,3101,"Parks, Recreation, and Leisure Studies.",Bachelor's Degree,1,0,1
217721,Benedict College,,3906,Theological and Ministerial Studies.,Bachelor's Degree,48,51,99
197993,Bennett College,,2601,"Biology, General.",Bachelor's Degree,12,6,18
197993,Bennett College,,904,Journalism.,Bachelor's Degree,9,3,12
197993,Bennett College,,5202,"Business Administration, Management and Operations.",Bachelor's Degree,5,6,11
197993,Bennett College,,4407,Social Work.,Bachelor's Degree,5,4,9
197993,Bennett College,,4201,"Psychology, General.",Bachelor's Degree,5,3,8
197993,Bennett College,,4510,Political Science and Government.,Bachelor's Degree,4,1,5
197993,Bennett College,,1312,"Teacher Education and Professional Development, Specific Levels and Methods.",Bachelor's Degree,0,2,2
197993,Bennett College,,2301,"English Language and Literature, General.",Bachelor's Degree,2,NA,2
197993,Bennett College,,2701,Mathematics.,Bachelor's Degree,1,1,2
197993,Bennett College,,4005,Chemistry.,Bachelor's Degree,1,0,1
197993,Bennett College,,5001,"Visual and Performing Arts, General.",Bachelor's Degree,1,0,1
197993,Bennett College,,5009,Music.,Bachelor's Degree,NA,1,1
197993,Bennett College,,5001,"Visual and Performing Arts, General.",Bachelor's Degree,34,29,63
132602,Bethune-Cookman University,,4201,"Psychology, General.",Bachelor's Degree,60,44,104
132602,Bethune-Cookman University,,4301,Criminal Justice and Corrections.,Bachelor's Degree,57,39,96
132602,Bethune-Cookman University,,5202,"Business Administration, Management and Operations.",Bachelor's Degree,42,39,81
132602,Bethune-Cookman University,,901,Communication and Media Studies.,Bachelor's Degree,41,35,76
132602,Bethune-Cookman University,,3105,"Sports, Kinesiology, and Physical Education/Fitness.",Bachelor's Degree,42,29,71
132602,Bethune-Cookman University,,1104,Information Science/Studies.,Bachelor's Degree,18,8,26
132602,Bethune-Cookman University,,4511,Sociology.,Bachelor's Degree,7,14,21
132602,Bethune-Cookman University,,2601,"Biology, General.",Bachelor's Degree,6,12,18
132602,Bethune-Cookman University,,5009,Music.,Bachelor's Degree,10,8,18
132602,Bethune-Cookman University,,5138,"Registered Nursing, Nursing Administration, Nursing Research and Clinical Nursing.",Bachelor's Degree,10,6,16
132602,Bethune-Cookman University,,5209,Hospitality Administration/Management.,Bachelor's Degree,11,5,16
132602,Bethune-Cookman University,,3011,Gerontology.,Bachelor's Degree,9,6,15
132602,Bethune-Cookman University,,1312,"Teacher Education and Professional Development, Specific Levels and Methods.",Bachelor's Degree,8,5,13
132602,Bethune-Cookman University,,4510,Political Science and Government.,Bachelor's Degree,7,6,13
132602,Bethune-Cookman University,,1313,"Teacher Education and Professional Development, Specific Subject Areas.",Bachelor's Degree,6,2,8
132602,Bethune-Cookman University,,1409,Computer Engineering.,Bachelor's Degree,2,5,7
132602,Bethune-Cookman University,,4005,Chemistry.,Bachelor's Degree,5,2,7
132602,Bethune-Cookman University,,5203,Accounting and Related Services.,Bachelor's Degree,6,1,7
132602,Bethune-Cookman University,,3802,Religion/Religious Studies.,Bachelor's Degree,4,2,6
132602,Bethune-Cookman University,,1107,Computer Science.,Bachelor's Degree,0,3,3
132602,Bethune-Cookman University,,5208,Finance and Financial Management Services.,Bachelor's Degree,2,1,3
132602,Bethune-Cookman University,,301,Natural Resources Conservation and Research.,Bachelor's Degree,2,0,2
132602,Bethune-Cookman University,,4509,International Relations and National Security Studies.,Bachelor's Degree,1,1,2
132602,Bethune-Cookman University,,2701,Mathematics.,Bachelor's Degree,1,0,1
132602,Bethune-Cookman University,,5212,Management Information Systems and Services.,Bachelor's Degree,1,0,1
132602,Bethune-Cookman University,,5401,History.,Bachelor's Degree,1,0,1
132602,Bethune-Cookman University,,3802,Religion/Religious Studies.,Bachelor's Degree,7,3,10
237215,Bluefield State University,,5138,"Registered Nursing, Nursing Administration, Nursing Research and Clinical Nursing.",Bachelor's Degree,24,18,42
237215,Bluefield State University,,5202,"Business Administration, Management and Operations.",Bachelor's Degree,16,17,33
237215,Bluefield State University,,5109,"Allied Health Diagnostic, Intervention, and Treatment Professions.",Bachelor's Degree,12,9,21
237215,Bluefield State University,,1312,"Teacher Education and Professional Development, Specific Levels and Methods.",Bachelor's Degree,7,11,18
237215,Bluefield State University,,4501,"Social Sciences, General.",Bachelor's Degree,7,10,17
237215,Bluefield State University,,1502,Civil Engineering Technologies/Technicians.,Bachelor's Degree,9,6,15
237215,Bluefield State University,,4301,Criminal Justice and Corrections.,Bachelor's Degree,5,9,14
237215,Bluefield State University,,1515,Engineering-Related Fields.,Bachelor's Degree,8,5,13
237215,Bluefield State University,,3001,Biological and Physical Sciences.,Bachelor's Degree,9,4,13
237215,Bluefield State University,,1508,Mechanical Engineering Related Technologies/Technicians.,Bachelor's Degree,6,6,12
237215,Bluefield State University,,1503,Electrical/Electronic Engineering Technologies/Technicians.,Bachelor's Degree,5,3,8
237215,Bluefield State University,,1101,"Computer and Information Sciences, General.",Bachelor's Degree,3,4,7
237215,Bluefield State University,,5107,Health and Medical Administrative Services.,Bachelor's Degree,4,1,5
237215,Bluefield State University,,5203,Accounting and Related Services.,Bachelor's Degree,2,0,2
237215,Bluefield State University,,5202,"Business Administration, Management and Operations.",Bachelor's Degree,42,30,72
162007,Bowie State University,,1002,Audiovisual Communications Technologies/Technicians.,Bachelor's Degree,100,97,197
162007,Bowie State University,,4201,"Psychology, General.",Bachelor's Degree,98,87,185
162007,Bowie State University,,4301,Criminal Justice and Corrections.,Bachelor's Degree,75,102,177
162007,Bowie State University,,1199,"Computer and Information Sciences and Support Services, Other.",Bachelor's Degree,81,68,149
162007,Bowie State University,,2601,"Biology, General.",Bachelor's Degree,77,60,137
162007,Bowie State University,,5004,Design and Applied Arts.,Bachelor's Degree,25,43,68
162007,Bowie State University,,4511,Sociology.,Bachelor's Degree,28,35,63
162007,Bowie State University,,4407,Social Work.,Bachelor's Degree,25,32,57
162007,Bowie State University,,5138,"Registered Nursing, Nursing Administration, Nursing Research and Clinical Nursing.",Bachelor's Degree,25,30,55
162007,Bowie State University,,1907,"Human Development, Family Studies, and Related Services.",Bachelor's Degree,31,21,52
162007,Bowie State University,,1312,"Teacher Education and Professional Development, Specific Levels and Methods.",Bachelor's Degree,21,27,48
162007,Bowie State University,,3105,"Sports, Kinesiology, and Physical Education/Fitness.",Bachelor's Degree,24,24,48
162007,Bowie State University,,5401,History.,Bachelor's Degree,13,26,39
162007,Bowie State University,,1101,"Computer and Information Sciences, General.",Bachelor's Degree,11,26,37
162007,Bowie State University,,5007,Fine and Studio Arts.,Bachelor's Degree,15,10,25
162007,Bowie State University,,2301,"English Language and Literature, General.",Bachelor's Degree,13,5,18
162007,Bowie State University,,5005,Drama/Theatre Arts and Stagecraft.,Bachelor's Degree,3,9,12
162007,Bowie State University,,2701,Mathematics.,Bachelor's Degree,2,4,6
162007,Bowie State University,,2611,"Biomathematics, Bioinformatics, and Computational Biology.",Bachelor's Degree,4,1,5
162007,Bowie State University,,4005,Chemistry.,Bachelor's Degree,2,1,3
162007,Bowie State University,,1313,"Teacher Education and Professional Development, Specific Subject Areas.",Bachelor's Degree,1,1,2
162007,Bowie State University,,5209,Hospitality Administration/Management.,Bachelor's Degree,30,35,65
201690,Central State University,,4301,Criminal Justice and Corrections.,Bachelor's Degree,112,288,400
201690,Central State University,,1301,"Education, General.",Bachelor's Degree,26,147,173
201690,Central State University,,3000,"Multi-/Interdisciplinary Studies, General.",Bachelor's Degree,12,60,72
201690,Central State University,,1312,"Teacher Education and Professional Development, Specific Levels and Methods.",Bachelor's Degree,10,48,58
201690,Central State University,,4201,"Psychology, General.",Bachelor's Degree,26,18,44
201690,Central State University,,4407,Social Work.,Bachelor's Degree,14,27,41
201690,Central State University,,2601,"Biology, General.",Bachelor's Degree,17,19,36
201690,Central State University,,904,Journalism.,Bachelor's Degree,21,12,33
201690,Central State University,,3105,"Sports, Kinesiology, and Physical Education/Fitness.",Bachelor's Degree,12,12,24
201690,Central State University,,1107,Computer Science.,Bachelor's Degree,7,6,13
201690,Central State University,,1310,Special Education and Teaching.,Bachelor's Degree,2,11,13
201690,Central State University,,5009,Music.,Bachelor's Degree,7,5,12
201690,Central State University,,4510,Political Science and Government.,Bachelor's Degree,6,5,11
201690,Central State University,,5007,Fine and Studio Arts.,Bachelor's Degree,4,5,9
201690,Central State University,,1436,Manufacturing Engineering.,Bachelor's Degree,5,3,8
201690,Central State University,,4005,Chemistry.,Bachelor's Degree,3,5,8
201690,Central State University,,1313,"Teacher Education and Professional Development, Specific Subject Areas.",Bachelor's Degree,5,2,7
201690,Central State University,,1414,Environmental/Environmental Health Engineering.,Bachelor's Degree,2,5,7
201690,Central State University,,3101,"Parks, Recreation, and Leisure Studies.",Bachelor's Degree,5,2,7
201690,Central State University,,1506,Industrial Production Technologies/Technicians.,Bachelor's Degree,3,3,6
201690,Central State University,,2301,"English Language and Literature, General.",Bachelor's Degree,3,2,5
201690,Central State University,,5203,Accounting and Related Services.,Bachelor's Degree,3,2,5
201690,Central State University,,1408,Civil Engineering.,Bachelor's Degree,4,0,4
201690,Central State University,,103,Agricultural Production Operations.,Bachelor's Degree,0,3,3
201690,Central State University,,2701,Mathematics.,Bachelor's Degree,2,0,2
201690,Central State University,,4511,Sociology.,Bachelor's Degree,2,0,2
201690,Central State University,,5401,History.,Bachelor's Degree,2,0,2
201690,Central State University,,1312,"Teacher Education and Professional Development, Specific Levels and Methods.",Bachelor's Degree,246,211,457
211608,Cheyney University of Pennsylvania,,5202,"Business Administration, Management and Operations.",Bachelor's Degree,12,16,28
211608,Cheyney University of Pennsylvania,,4201,"Psychology, General.",Bachelor's Degree,13,7,20
211608,Cheyney University of Pennsylvania,,2601,"Biology, General.",Bachelor's Degree,9,9,18
211608,Cheyney University of Pennsylvania,,2401,"Liberal Arts and Sciences, General Studies and Humanities.",Bachelor's Degree,6,9,15
211608,Cheyney University of Pennsylvania,,5209,Hospitality Administration/Management.,Bachelor's Degree,6,9,15
211608,Cheyney University of Pennsylvania,,901,Communication and Media Studies.,Bachelor's Degree,6,2,8
211608,Cheyney University of Pennsylvania,,5004,Design and Applied Arts.,Bachelor's Degree,2,5,7
211608,Cheyney University of Pennsylvania,,1101,"Computer and Information Sciences, General.",Bachelor's Degree,2,3,5
211608,Cheyney University of Pennsylvania,,1312,"Teacher Education and Professional Development, Specific Levels and Methods.",Bachelor's Degree,3,1,4
211608,Cheyney University of Pennsylvania,,3103,"Parks, Recreation, and Leisure Facilities Management.",Bachelor's Degree,2,2,4
211608,Cheyney University of Pennsylvania,,1310,Special Education and Teaching.,Bachelor's Degree,0,2,2
211608,Cheyney University of Pennsylvania,,2701,Mathematics.,Bachelor's Degree,1,1,2
211608,Cheyney University of Pennsylvania,,5001,"Visual and Performing Arts, General.",Bachelor's Degree,1,1,2
211608,Cheyney University of Pennsylvania,,2301,"English Language and Literature, General.",Bachelor's Degree,0,1,1
211608,Cheyney University of Pennsylvania,,4510,Political Science and Government.,Bachelor's Degree,1,0,1
211608,Cheyney University of Pennsylvania,,5109,"Allied Health Diagnostic, Intervention, and Treatment Professions.",Bachelor's Degree,7,12,19
217873,Claflin University,,5138,"Registered Nursing, Nursing Administration, Nursing Research and Clinical Nursing.",Bachelor's Degree,43,39,82
217873,Claflin University,,4301,Criminal Justice and Corrections.,Bachelor's Degree,44,30,74
217873,Claflin University,,2601,"Biology, General.",Bachelor's Degree,50,22,72
217873,Claflin University,,901,Communication and Media Studies.,Bachelor's Degree,36,21,57
217873,Claflin University,,3105,"Sports, Kinesiology, and Physical Education/Fitness.",Bachelor's Degree,23,30,53
217873,Claflin University,,5202,"Business Administration, Management and Operations.",Bachelor's Degree,36,12,48
217873,Claflin University,,5210,Human Resources Management and Services.,Bachelor's Degree,20,16,36
217873,Claflin University,,5007,Fine and Studio Arts.,Bachelor's Degree,12,16,28
217873,Claflin University,,4511,Sociology.,Bachelor's Degree,13,8,21
217873,Claflin University,,2602,"Biochemistry, Biophysics and Molecular Biology.",Bachelor's Degree,10,9,19
217873,Claflin University,,5214,Marketing.,Bachelor's Degree,7,12,19
217873,Claflin University,,1107,Computer Science.,Bachelor's Degree,12,6,18
217873,Claflin University,,1312,"Teacher Education and Professional Development, Specific Levels and Methods.",Bachelor's Degree,6,10,16
217873,Claflin University,,1409,Computer Engineering.,Bachelor's Degree,12,4,16
217873,Claflin University,,5299,"Business, Management, Marketing, and Related Support Services, Other.",Bachelor's Degree,8,7,15
217873,Claflin University,,2301,"English Language and Literature, General.",Bachelor's Degree,8,6,14
217873,Claflin University,,4510,Political Science and Government.,Bachelor's Degree,9,5,14
217873,Claflin University,,5009,Music.,Bachelor's Degree,10,0,10
217873,Claflin University,,5401,History.,Bachelor's Degree,3,6,9
217873,Claflin University,,1304,Educational Administration and Supervision.,Bachelor's Degree,NA,7,7
217873,Claflin University,,1313,"Teacher Education and Professional Development, Specific Subject Areas.",Bachelor's Degree,1,6,7
217873,Claflin University,,2701,Mathematics.,Bachelor's Degree,3,4,7
217873,Claflin University,,502,"Ethnic, Cultural Minority, Gender, and Group Studies.",Bachelor's Degree,2,4,6
217873,Claflin University,,4005,Chemistry.,Bachelor's Degree,1,5,6
217873,Claflin University,,2612,Biotechnology.,Bachelor's Degree,2,2,4
217873,Claflin University,,301,Natural Resources Conservation and Research.,Bachelor's Degree,1,2,3
217873,Claflin University,,5212,Management Information Systems and Services.,Bachelor's Degree,2,1,3
217873,Claflin University,,3899,"Philosophy and Religious Studies, Other.",Bachelor's Degree,2,0,2
217873,Claflin University,,5203,Accounting and Related Services.,Bachelor's Degree,0,2,2
217873,Claflin University,,1609,"Romance Languages, Literatures, and Linguistics.",Bachelor's Degree,1,0,1
217873,Claflin University,,4506,Economics.,Bachelor's Degree,129,124,253
138947,Clark Atlanta University,,5202,"Business Administration, Management and Operations.",Bachelor's Degree,99,81,180
138947,Clark Atlanta University,,4201,"Psychology, General.",Bachelor's Degree,72,57,129
138947,Clark Atlanta University,,4301,Criminal Justice and Corrections.,Bachelor's Degree,55,39,94
138947,Clark Atlanta University,,2601,"Biology, General.",Bachelor's Degree,52,23,75
138947,Clark Atlanta University,,5004,Design and Applied Arts.,Bachelor's Degree,29,33,62
138947,Clark Atlanta University,,1312,"Teacher Education and Professional Development, Specific Levels and Methods.",Bachelor's Degree,17,13,30
138947,Clark Atlanta University,,4510,Political Science and Government.,Bachelor's Degree,14,16,30
138947,Clark Atlanta University,,5005,Drama/Theatre Arts and Stagecraft.,Bachelor's Degree,15,8,23
138947,Clark Atlanta University,,4407,Social Work.,Bachelor's Degree,14,8,22
138947,Clark Atlanta University,,1107,Computer Science.,Bachelor's Degree,11,9,20
138947,Clark Atlanta University,,5203,Accounting and Related Services.,Bachelor's Degree,14,6,20
138947,Clark Atlanta University,,4511,Sociology.,Bachelor's Degree,12,7,19
138947,Clark Atlanta University,,1101,"Computer and Information Sciences, General.",Bachelor's Degree,6,9,15
138947,Clark Atlanta University,,1301,"Education, General.",Bachelor's Degree,8,6,14
138947,Clark Atlanta University,,5401,History.,Bachelor's Degree,6,7,13
138947,Clark Atlanta University,,2301,"English Language and Literature, General.",Bachelor's Degree,8,4,12
138947,Clark Atlanta University,,5009,Music.,Bachelor's Degree,8,3,11
138947,Clark Atlanta University,,2313,Rhetoric and Composition/Writing Studies.,Bachelor's Degree,6,4,10
138947,Clark Atlanta University,,4008,Physics.,Bachelor's Degree,6,4,10
138947,Clark Atlanta University,,4005,Chemistry.,Bachelor's Degree,5,3,8
138947,Clark Atlanta University,,2701,Mathematics.,Bachelor's Degree,3,4,7
138947,Clark Atlanta University,,5007,Fine and Studio Arts.,Bachelor's Degree,1,3,4
138947,Clark Atlanta University,,5206,Business/Managerial Economics.,Bachelor's Degree,2,2,4
138947,Clark Atlanta University,,3801,Philosophy.,Bachelor's Degree,1,2,3
138947,Clark Atlanta University,,1609,"Romance Languages, Literatures, and Linguistics.",Bachelor's Degree,1,1,2
138947,Clark Atlanta University,,3802,Religion/Religious Studies.,Bachelor's Degree,2,0,2
138947,Clark Atlanta University,,5106,Dental Support Services and Allied Professions.,Bachelor's Degree,22,22,44
217891,Clinton College,,3802,Religion/Religious Studies.,Bachelor's Degree,3,3,6
217891,Clinton College,,5202,"Business Administration, Management and Operations.",Bachelor's Degree,5,7,12
130934,Delaware State University,,5138,"Registered Nursing, Nursing Administration, Nursing Research and Clinical Nursing.",Bachelor's Degree,65,66,131
130934,Delaware State University,,901,Communication and Media Studies.,Bachelor's Degree,51,55,106
130934,Delaware State University,,4201,"Psychology, General.",Bachelor's Degree,59,45,104
130934,Delaware State University,,5202,"Business Administration, Management and Operations.",Bachelor's Degree,48,45,93
130934,Delaware State University,,2401,"Liberal Arts and Sciences, General Studies and Humanities.",Bachelor's Degree,36,50,86
130934,Delaware State University,,4504,Criminology.,Bachelor's Degree,43,42,85
130934,Delaware State University,,4407,Social Work.,Bachelor's Degree,35,31,66
130934,Delaware State University,,2601,"Biology, General.",Bachelor's Degree,23,39,62
130934,Delaware State University,,5122,Public Health.,Bachelor's Degree,32,21,53
130934,Delaware State University,,100,"Agriculture, General.",Bachelor's Degree,23,25,48
130934,Delaware State University,,1312,"Teacher Education and Professional Development, Specific Levels and Methods.",Bachelor's Degree,23,24,47
130934,Delaware State University,,1107,Computer Science.,Bachelor's Degree,23,15,38
130934,Delaware State University,,4510,Political Science and Government.,Bachelor's Degree,12,19,31
130934,Delaware State University,,5203,Accounting and Related Services.,Bachelor's Degree,19,11,30
130934,Delaware State University,,4901,Air Transportation.,Bachelor's Degree,13,15,28
130934,Delaware State University,,5208,Finance and Financial Management Services.,Bachelor's Degree,13,15,28
130934,Delaware State University,,2699,"Biological and Biomedical Sciences, Other.",Bachelor's Degree,10,15,25
130934,Delaware State University,,1412,Engineering Physics.,Bachelor's Degree,8,14,22
130934,Delaware State University,,1313,"Teacher Education and Professional Development, Specific Subject Areas.",Bachelor's Degree,10,7,17
130934,Delaware State University,,4005,Chemistry.,Bachelor's Degree,11,6,17
130934,Delaware State University,,2299,"Legal Professions and Studies, Other.",Bachelor's Degree,10,5,15
130934,Delaware State University,,5004,Design and Applied Arts.,Bachelor's Degree,7,3,10
130934,Delaware State University,,1909,Apparel and Textiles.,Bachelor's Degree,7,2,9
130934,Delaware State University,,4511,Sociology.,Bachelor's Degree,4,5,9
130934,Delaware State University,,5099,"Visual and Performing Arts, Other.",Bachelor's Degree,4,5,9
130934,Delaware State University,,302,Environmental/Natural Resources Management and Policy.,Bachelor's Degree,1,6,7
130934,Delaware State University,,1310,Special Education and Teaching.,Bachelor's Degree,0,7,7
130934,Delaware State University,,5007,Fine and Studio Arts.,Bachelor's Degree,3,4,7
130934,Delaware State University,,5009,Music.,Bachelor's Degree,4,3,7
130934,Delaware State University,,2301,"English Language and Literature, General.",Bachelor's Degree,3,3,6
130934,Delaware State University,,5209,Hospitality Administration/Management.,Bachelor's Degree,4,2,6
130934,Delaware State University,,1905,"Foods, Nutrition, and Related Services.",Bachelor's Degree,3,2,5
130934,Delaware State University,,5401,History.,Bachelor's Degree,2,3,5
130934,Delaware State University,,2701,Mathematics.,Bachelor's Degree,1,1,2
130934,Delaware State University,,4008,Physics.,Bachelor's Degree,2,0,2
130934,Delaware State University,,101,Agricultural Business and Management.,Bachelor's Degree,0,1,1
130934,Delaware State University,,301,Natural Resources Conservation and Research.,Bachelor's Degree,1,0,1
130934,Delaware State University,,501,Area Studies.,Bachelor's Degree,NA,1,1
130934,Delaware State University,,5138,"Registered Nursing, Nursing Administration, Nursing Research and Clinical Nursing.",Bachelor's Degree,107,127,234
158802,Dillard University,,4301,Criminal Justice and Corrections.,Bachelor's Degree,29,26,55
158802,Dillard University,,5122,Public Health.,Bachelor's Degree,11,24,35
158802,Dillard University,,4201,"Psychology, General.",Bachelor's Degree,17,17,34
158802,Dillard University,,5202,"Business Administration, Management and Operations.",Bachelor's Degree,15,19,34
158802,Dillard University,,5138,"Registered Nursing, Nursing Administration, Nursing Research and Clinical Nursing.",Bachelor's Degree,13,15,28
158802,Dillard University,,5006,Film/Video and Photographic Arts.,Bachelor's Degree,9,15,24
158802,Dillard University,,901,Communication and Media Studies.,Bachelor's Degree,8,15,23
158802,Dillard University,,5005,Drama/Theatre Arts and Stagecraft.,Bachelor's Degree,11,7,18
158802,Dillard University,,4510,Political Science and Government.,Bachelor's Degree,8,7,15
158802,Dillard University,,4512,Urban Studies/Affairs.,Bachelor's Degree,4,8,12
158802,Dillard University,,1101,"Computer and Information Sciences, General.",Bachelor's Degree,5,6,11
158802,Dillard University,,2301,"English Language and Literature, General.",Bachelor's Degree,5,6,11
158802,Dillard University,,4407,Social Work.,Bachelor's Degree,3,7,10
158802,Dillard University,,4005,Chemistry.,Bachelor's Degree,5,4,9
158802,Dillard University,,4008,Physics.,Bachelor's Degree,4,5,9
158802,Dillard University,,5203,Accounting and Related Services.,Bachelor's Degree,4,5,9
158802,Dillard University,,5009,Music.,Bachelor's Degree,5,2,7
158802,Dillard University,,5007,Fine and Studio Arts.,Bachelor's Degree,4,2,6
158802,Dillard University,,5206,Business/Managerial Economics.,Bachelor's Degree,1,1,2
158802,Dillard University,,2701,Mathematics.,Bachelor's Degree,1,0,1
158802,Dillard University,,5122,Public Health.,Bachelor's Degree,8,14,22
133526,Edward Waters University,,4301,Criminal Justice and Corrections.,Bachelor's Degree,23,24,47
133526,Edward Waters University,,2601,"Biology, General.",Bachelor's Degree,17,12,29
133526,Edward Waters University,,901,Communication and Media Studies.,Bachelor's Degree,13,11,24
133526,Edward Waters University,,4201,"Psychology, General.",Bachelor's Degree,11,11,22
133526,Edward Waters University,,5009,Music.,Bachelor's Degree,5,4,9
133526,Edward Waters University,,2701,Mathematics.,Bachelor's Degree,2,1,3
133526,Edward Waters University,,3906,Theological and Ministerial Studies.,Bachelor's Degree,10,17,27
198507,Elizabeth City State University,,3000,"Multi-/Interdisciplinary Studies, General.",Bachelor's Degree,29,52,81
198507,Elizabeth City State University,,5202,"Business Administration, Management and Operations.",Bachelor's Degree,44,35,79
198507,Elizabeth City State University,,3105,"Sports, Kinesiology, and Physical Education/Fitness.",Bachelor's Degree,27,33,60
198507,Elizabeth City State University,,4901,Air Transportation.,Bachelor's Degree,21,34,55
198507,Elizabeth City State University,,2601,"Biology, General.",Bachelor's Degree,23,31,54
198507,Elizabeth City State University,,4407,Social Work.,Bachelor's Degree,21,20,41
198507,Elizabeth City State University,,1312,"Teacher Education and Professional Development, Specific Levels and Methods.",Bachelor's Degree,15,20,35
198507,Elizabeth City State University,,4201,"Psychology, General.",Bachelor's Degree,12,13,25
198507,Elizabeth City State University,,5004,Design and Applied Arts.,Bachelor's Degree,10,15,25
198507,Elizabeth City State University,,1599,"Engineering/Engineering-Related Technologies/Technicians, Other.",Bachelor's Degree,10,12,22
198507,Elizabeth City State University,,4303,Homeland Security.,Bachelor's Degree,3,18,21
198507,Elizabeth City State University,,1107,Computer Science.,Bachelor's Degree,13,7,20
198507,Elizabeth City State University,,5203,Accounting and Related Services.,Bachelor's Degree,10,5,15
198507,Elizabeth City State University,,2301,"English Language and Literature, General.",Bachelor's Degree,11,2,13
198507,Elizabeth City State University,,5009,Music.,Bachelor's Degree,4,8,12
198507,Elizabeth City State University,,5401,History.,Bachelor's Degree,4,6,10
198507,Elizabeth City State University,,5001,"Visual and Performing Arts, General.",Bachelor's Degree,4,3,7
198507,Elizabeth City State University,,1310,Special Education and Teaching.,Bachelor's Degree,2,4,6
198507,Elizabeth City State University,,2701,Mathematics.,Bachelor's Degree,2,2,4
198507,Elizabeth City State University,,4005,Chemistry.,Bachelor's Degree,2,2,4
198507,Elizabeth City State University,,3033,Sustainability Studies.,Bachelor's Degree,0,1,1
198507,Elizabeth City State University,,3017,Behavioral Sciences.,Bachelor's Degree,56,58,114
198543,Fayetteville State University,,4201,"Psychology, General.",Bachelor's Degree,163,157,320
198543,Fayetteville State University,,5202,"Business Administration, Management and Operations.",Bachelor's Degree,134,127,261
198543,Fayetteville State University,,4301,Criminal Justice and Corrections.,Bachelor's Degree,90,87,177
198543,Fayetteville State University,,2401,"Liberal Arts and Sciences, General Studies and Humanities.",Bachelor's Degree,55,74,129
198543,Fayetteville State University,,5203,Accounting and Related Services.,Bachelor's Degree,48,74,122
198543,Fayetteville State University,,4511,Sociology.,Bachelor's Degree,44,53,97
198543,Fayetteville State University,,2601,"Biology, General.",Bachelor's Degree,38,44,82
198543,Fayetteville State University,,4407,Social Work.,Bachelor's Degree,38,41,79
198543,Fayetteville State University,,4302,Fire Protection.,Bachelor's Degree,38,37,75
198543,Fayetteville State University,,5107,Health and Medical Administrative Services.,Bachelor's Degree,31,36,67
198543,Fayetteville State University,,1312,"Teacher Education and Professional Development, Specific Levels and Methods.",Bachelor's Degree,22,37,59
198543,Fayetteville State University,,1107,Computer Science.,Bachelor's Degree,24,21,45
198543,Fayetteville State University,,901,Communication and Media Studies.,Bachelor's Degree,28,14,42
198543,Fayetteville State University,,1313,"Teacher Education and Professional Development, Specific Subject Areas.",Bachelor's Degree,14,24,38
198543,Fayetteville State University,,5208,Finance and Financial Management Services.,Bachelor's Degree,13,22,35
198543,Fayetteville State University,,2301,"English Language and Literature, General.",Bachelor's Degree,13,21,34
198543,Fayetteville State University,,5007,Fine and Studio Arts.,Bachelor's Degree,16,11,27
198543,Fayetteville State University,,4304,Security Science and Technology.,Bachelor's Degree,7,19,26
198543,Fayetteville State University,,4510,Political Science and Government.,Bachelor's Degree,9,12,21
198543,Fayetteville State University,,5401,History.,Bachelor's Degree,8,11,19
198543,Fayetteville State University,,4404,Public Administration.,Bachelor's Degree,16,NA,16
198543,Fayetteville State University,,5212,Management Information Systems and Services.,Bachelor's Degree,9,4,13
198543,Fayetteville State University,,4005,Chemistry.,Bachelor's Degree,8,4,12
198543,Fayetteville State University,,2902,"Intelligence, Command Control and Information Operations.",Bachelor's Degree,0,10,10
198543,Fayetteville State University,,2701,Mathematics.,Bachelor's Degree,4,4,8
198543,Fayetteville State University,,5005,Drama/Theatre Arts and Stagecraft.,Bachelor's Degree,3,3,6
198543,Fayetteville State University,,4507,Geography and Cartography.,Bachelor's Degree,2,2,4
198543,Fayetteville State University,,5009,Music.,Bachelor's Degree,2,2,4
198543,Fayetteville State University,,1609,"Romance Languages, Literatures, and Linguistics.",Bachelor's Degree,1,0,1
198543,Fayetteville State University,,103,Agricultural Production Operations.,Bachelor's Degree,12,19,31
220181,Fisk University,,5201,"Business/Commerce, General.",Bachelor's Degree,19,25,44
220181,Fisk University,,4201,"Psychology, General.",Bachelor's Degree,18,23,41
220181,Fisk University,,4510,Political Science and Government.,Bachelor's Degree,12,10,22
220181,Fisk University,,2602,"Biochemistry, Biophysics and Molecular Biology.",Bachelor's Degree,10,10,20
220181,Fisk University,,1101,"Computer and Information Sciences, General.",Bachelor's Degree,6,7,13
220181,Fisk University,,2301,"English Language and Literature, General.",Bachelor's Degree,3,4,7
220181,Fisk University,,2401,"Liberal Arts and Sciences, General Studies and Humanities.",Bachelor's Degree,6,1,7
220181,Fisk University,,3070,Data Science.,Bachelor's Degree,5,0,5
220181,Fisk University,,5007,Fine and Studio Arts.,Bachelor's Degree,2,3,5
220181,Fisk University,,5401,History.,Bachelor's Degree,3,2,5
220181,Fisk University,,4008,Physics.,Bachelor's Degree,1,3,4
220181,Fisk University,,4511,Sociology.,Bachelor's Degree,4,0,4
220181,Fisk University,,4301,Criminal Justice and Corrections.,Bachelor's Degree,1,2,3
220181,Fisk University,,5009,Music.,Bachelor's Degree,3,0,3
220181,Fisk University,,1310,Special Education and Teaching.,Bachelor's Degree,0,2,2
220181,Fisk University,,1313,"Teacher Education and Professional Development, Specific Subject Areas.",Bachelor's Degree,1,1,2
220181,Fisk University,,2701,Mathematics.,Bachelor's Degree,0,2,2
220181,Fisk University,,4005,Chemistry.,Bachelor's Degree,1,1,2
220181,Fisk University,,5138,"Registered Nursing, Nursing Administration, Nursing Research and Clinical Nursing.",Bachelor's Degree,155,150,305
133650,Florida Agricultural and Mechanical University,,5202,"Business Administration, Management and Operations.",Bachelor's Degree,154,106,260
133650,Florida Agricultural and Mechanical University,,4301,Criminal Justice and Corrections.,Bachelor's Degree,124,102,226
133650,Florida Agricultural and Mechanical University,,4201,"Psychology, General.",Bachelor's Degree,120,100,220
133650,Florida Agricultural and Mechanical University,,2601,"Biology, General.",Bachelor's Degree,95,107,202
133650,Florida Agricultural and Mechanical University,,3000,"Multi-/Interdisciplinary Studies, General.",Bachelor's Degree,92,110,202
133650,Florida Agricultural and Mechanical University,,4407,Social Work.,Bachelor's Degree,66,50,116
133650,Florida Agricultural and Mechanical University,,4510,Political Science and Government.,Bachelor's Degree,55,57,112
133650,Florida Agricultural and Mechanical University,,904,Journalism.,Bachelor's Degree,54,54,108
133650,Florida Agricultural and Mechanical University,,5138,"Registered Nursing, Nursing Administration, Nursing Research and Clinical Nursing.",Bachelor's Degree,46,56,102
133650,Florida Agricultural and Mechanical University,,909,"Public Relations, Advertising, and Applied Communication.",Bachelor's Degree,58,24,82
133650,Florida Agricultural and Mechanical University,,5107,Health and Medical Administrative Services.,Bachelor's Degree,43,36,79
133650,Florida Agricultural and Mechanical University,,1101,"Computer and Information Sciences, General.",Bachelor's Degree,24,41,65
133650,Florida Agricultural and Mechanical University,,5203,Accounting and Related Services.,Bachelor's Degree,33,23,56
133650,Florida Agricultural and Mechanical University,,1312,"Teacher Education and Professional Development, Specific Levels and Methods.",Bachelor's Degree,26,29,55
133650,Florida Agricultural and Mechanical University,,100,"Agriculture, General.",Bachelor's Degree,29,23,52
133650,Florida Agricultural and Mechanical University,,402,Architecture.,Bachelor's Degree,38,6,44
133650,Florida Agricultural and Mechanical University,,3105,"Sports, Kinesiology, and Physical Education/Fitness.",Bachelor's Degree,17,22,39
133650,Florida Agricultural and Mechanical University,,5004,Design and Applied Arts.,Bachelor's Degree,18,21,39
133650,Florida Agricultural and Mechanical University,,4511,Sociology.,Bachelor's Degree,18,18,36
133650,Florida Agricultural and Mechanical University,,409,Architectural Sciences and Technology.,Bachelor's Degree,NA,34,34
133650,Florida Agricultural and Mechanical University,,5009,Music.,Bachelor's Degree,9,19,28
133650,Florida Agricultural and Mechanical University,,1510,Construction Engineering Technology/Technician.,Bachelor's Degree,12,14,26
133650,Florida Agricultural and Mechanical University,,5109,"Allied Health Diagnostic, Intervention, and Treatment Professions.",Bachelor's Degree,11,15,26
133650,Florida Agricultural and Mechanical University,,301,Natural Resources Conservation and Research.,Bachelor's Degree,13,10,23
133650,Florida Agricultural and Mechanical University,,4005,Chemistry.,Bachelor's Degree,10,12,22
133650,Florida Agricultural and Mechanical University,,2301,"English Language and Literature, General.",Bachelor's Degree,13,8,21
133650,Florida Agricultural and Mechanical University,,5005,Drama/Theatre Arts and Stagecraft.,Bachelor's Degree,11,9,20
133650,Florida Agricultural and Mechanical University,,101,Agricultural Business and Management.,Bachelor's Degree,9,10,19
133650,Florida Agricultural and Mechanical University,,110,Food Science and Technology.,Bachelor's Degree,9,8,17
133650,Florida Agricultural and Mechanical University,,4506,Economics.,Bachelor's Degree,9,7,16
133650,Florida Agricultural and Mechanical University,,1435,Industrial Engineering.,Bachelor's Degree,4,11,15
133650,Florida Agricultural and Mechanical University,,5120,"Pharmacy, Pharmaceutical Sciences, and Administration.",Bachelor's Degree,7,8,15
133650,Florida Agricultural and Mechanical University,,1419,Mechanical Engineering.,Bachelor's Degree,7,7,14
133650,Florida Agricultural and Mechanical University,,5401,History.,Bachelor's Degree,10,4,14
133650,Florida Agricultural and Mechanical University,,1313,"Teacher Education and Professional Development, Specific Subject Areas.",Bachelor's Degree,4,8,12
133650,Florida Agricultural and Mechanical University,,1408,Civil Engineering.,Bachelor's Degree,5,6,11
133650,Florida Agricultural and Mechanical University,,1403,Agricultural Engineering.,Bachelor's Degree,3,7,10
133650,Florida Agricultural and Mechanical University,,1503,Electrical/Electronic Engineering Technologies/Technicians.,Bachelor's Degree,6,4,10
133650,Florida Agricultural and Mechanical University,,1409,Computer Engineering.,Bachelor's Degree,2,7,9
133650,Florida Agricultural and Mechanical University,,502,"Ethnic, Cultural Minority, Gender, and Group Studies.",Bachelor's Degree,3,5,8
133650,Florida Agricultural and Mechanical University,,2701,Mathematics.,Bachelor's Degree,6,2,8
133650,Florida Agricultural and Mechanical University,,1410,"Electrical, Electronics, and Communications Engineering.",Bachelor's Degree,5,2,7
133650,Florida Agricultural and Mechanical University,,1405,Biomedical/Medical Engineering.,Bachelor's Degree,2,4,6
133650,Florida Agricultural and Mechanical University,,1407,Chemical Engineering.,Bachelor's Degree,2,4,6
133650,Florida Agricultural and Mechanical University,,3899,"Philosophy and Religious Studies, Other.",Bachelor's Degree,2,3,5
133650,Florida Agricultural and Mechanical University,,5007,Fine and Studio Arts.,Bachelor's Degree,2,2,4
133650,Florida Agricultural and Mechanical University,,2601,"Biology, General.",Bachelor's Degree,491,389,880
133979,Florida Memorial University,,5202,"Business Administration, Management and Operations.",Bachelor's Degree,26,21,47
133979,Florida Memorial University,,2202,Legal Research and Advanced Professional Studies.,Bachelor's Degree,26,6,32
133979,Florida Memorial University,,4901,Air Transportation.,Bachelor's Degree,18,13,31
133979,Florida Memorial University,,4201,"Psychology, General.",Bachelor's Degree,16,13,29
133979,Florida Memorial University,,2601,"Biology, General.",Bachelor's Degree,14,14,28
133979,Florida Memorial University,,5203,Accounting and Related Services.,Bachelor's Degree,18,8,26
133979,Florida Memorial University,,4407,Social Work.,Bachelor's Degree,18,3,21
133979,Florida Memorial University,,1312,"Teacher Education and Professional Development, Specific Levels and Methods.",Bachelor's Degree,13,6,19
133979,Florida Memorial University,,1110,Computer/Information Technology Administration and Management.,Bachelor's Degree,9,5,14
133979,Florida Memorial University,,4511,Sociology.,Bachelor's Degree,7,6,13
133979,Florida Memorial University,,1107,Computer Science.,Bachelor's Degree,8,1,9
133979,Florida Memorial University,,1104,Information Science/Studies.,Bachelor's Degree,6,2,8
133979,Florida Memorial University,,5009,Music.,Bachelor's Degree,3,5,8
133979,Florida Memorial University,,5214,Marketing.,Bachelor's Degree,NA,6,6
133979,Florida Memorial University,,909,"Public Relations, Advertising, and Applied Communication.",Bachelor's Degree,4,1,5
133979,Florida Memorial University,,3000,"Multi-/Interdisciplinary Studies, General.",Bachelor's Degree,NA,3,3
133979,Florida Memorial University,,4005,Chemistry.,Bachelor's Degree,1,2,3
133979,Florida Memorial University,,5299,"Business, Management, Marketing, and Related Support Services, Other.",Bachelor's Degree,2,NA,2
133979,Florida Memorial University,,301,Natural Resources Conservation and Research.,Bachelor's Degree,1,NA,1
133979,Florida Memorial University,,2701,Mathematics.,Bachelor's Degree,1,NA,1
133979,Florida Memorial University,,5138,"Registered Nursing, Nursing Administration, Nursing Research and Clinical Nursing.",Bachelor's Degree,73,57,130
139719,Fort Valley State University,,4201,"Psychology, General.",Bachelor's Degree,44,32,76
139719,Fort Valley State University,,4301,Criminal Justice and Corrections.,Bachelor's Degree,49,26,75
139719,Fort Valley State University,,2601,"Biology, General.",Bachelor's Degree,36,29,65
139719,Fort Valley State University,,2401,"Liberal Arts and Sciences, General Studies and Humanities.",Bachelor's Degree,25,18,43
139719,Fort Valley State University,,4407,Social Work.,Bachelor's Degree,16,20,36
139719,Fort Valley State University,,901,Communication and Media Studies.,Bachelor's Degree,26,7,33
139719,Fort Valley State University,,1312,"Teacher Education and Professional Development, Specific Levels and Methods.",Bachelor's Degree,15,15,30
139719,Fort Valley State University,,1101,"Computer and Information Sciences, General.",Bachelor's Degree,14,15,29
139719,Fort Valley State University,,109,Animal Sciences.,Bachelor's Degree,5,13,18
139719,Fort Valley State University,,1503,Electrical/Electronic Engineering Technologies/Technicians.,Bachelor's Degree,6,12,18
139719,Fort Valley State University,,183,Veterinary/Animal Health Technologies/Technicians.,Bachelor's Degree,17,0,17
139719,Fort Valley State University,,5214,Marketing.,Bachelor's Degree,6,11,17
139719,Fort Valley State University,,1901,"Family and Consumer Sciences/Human Sciences, General.",Bachelor's Degree,8,6,14
139719,Fort Valley State University,,2701,Mathematics.,Bachelor's Degree,6,8,14
139719,Fort Valley State University,,101,Agricultural Business and Management.,Bachelor's Degree,5,6,11
139719,Fort Valley State University,,4510,Political Science and Government.,Bachelor's Degree,2,9,11
139719,Fort Valley State University,,5203,Accounting and Related Services.,Bachelor's Degree,4,7,11
139719,Fort Valley State University,,111,Plant Sciences.,Bachelor's Degree,5,5,10
139719,Fort Valley State University,,4005,Chemistry.,Bachelor's Degree,3,7,10
139719,Fort Valley State University,,5001,"Visual and Performing Arts, General.",Bachelor's Degree,5,3,8
139719,Fort Valley State University,,1599,"Engineering/Engineering-Related Technologies/Technicians, Other.",Bachelor's Degree,2,4,6
139719,Fort Valley State University,,1313,"Teacher Education and Professional Development, Specific Subject Areas.",Bachelor's Degree,3,2,5
139719,Fort Valley State University,,5401,History.,Bachelor's Degree,3,1,4
139719,Fort Valley State University,,4201,"Psychology, General.",Bachelor's Degree,88,58,146
159009,Grambling State University,,2601,"Biology, General.",Bachelor's Degree,78,78,156
159009,Grambling State University,,5202,"Business Administration, Management and Operations.",Bachelor's Degree,49,47,96
159009,Grambling State University,,901,Communication and Media Studies.,Bachelor's Degree,38,40,78
159009,Grambling State University,,1313,"Teacher Education and Professional Development, Specific Subject Areas.",Bachelor's Degree,35,30,65
159009,Grambling State University,,2401,"Liberal Arts and Sciences, General Studies and Humanities.",Bachelor's Degree,30,33,63
159009,Grambling State University,,4407,Social Work.,Bachelor's Degree,28,33,61
159009,Grambling State University,,3101,"Parks, Recreation, and Leisure Studies.",Bachelor's Degree,37,23,60
159009,Grambling State University,,4201,"Psychology, General.",Bachelor's Degree,29,27,56
159009,Grambling State University,,1104,Information Science/Studies.,Bachelor's Degree,22,33,55
159009,Grambling State University,,5203,Accounting and Related Services.,Bachelor's Degree,19,35,54
159009,Grambling State University,,5214,Marketing.,Bachelor's Degree,26,27,53
159009,Grambling State University,,1907,"Human Development, Family Studies, and Related Services.",Bachelor's Degree,21,25,46
159009,Grambling State University,,1500,"Engineering Technologies/Technicians, General.",Bachelor's Degree,19,24,43
159009,Grambling State University,,5138,"Registered Nursing, Nursing Administration, Nursing Research and Clinical Nursing.",Bachelor's Degree,16,11,27
159009,Grambling State University,,4511,Sociology.,Bachelor's Degree,14,12,26
159009,Grambling State University,,5401,History.,Bachelor's Degree,9,14,23
159009,Grambling State University,,1312,"Teacher Education and Professional Development, Specific Levels and Methods.",Bachelor's Degree,10,11,21
159009,Grambling State University,,4005,Chemistry.,Bachelor's Degree,12,4,16
159009,Grambling State University,,1107,Computer Science.,Bachelor's Degree,5,10,15
159009,Grambling State University,,2301,"English Language and Literature, General.",Bachelor's Degree,6,8,14
159009,Grambling State University,,5099,"Visual and Performing Arts, Other.",Bachelor's Degree,5,8,13
159009,Grambling State University,,5009,Music.,Bachelor's Degree,6,5,11
159009,Grambling State University,,1110,Computer/Information Technology Administration and Management.,Bachelor's Degree,1,9,10
159009,Grambling State University,,2701,Mathematics.,Bachelor's Degree,5,2,7
159009,Grambling State University,,4510,Political Science and Government.,Bachelor's Degree,6,0,6
159009,Grambling State University,,1503,Electrical/Electronic Engineering Technologies/Technicians.,Bachelor's Degree,0,1,1
159009,Grambling State University,,5138,"Registered Nursing, Nursing Administration, Nursing Research and Clinical Nursing.",Bachelor's Degree,4755,3721,8476
232265,Hampton University,,4201,"Psychology, General.",Bachelor's Degree,65,50,115
232265,Hampton University,,2601,"Biology, General.",Bachelor's Degree,53,56,109
232265,Hampton University,,3105,"Sports, Kinesiology, and Physical Education/Fitness.",Bachelor's Degree,63,32,95
232265,Hampton University,,904,Journalism.,Bachelor's Degree,64,23,87
232265,Hampton University,,2401,"Liberal Arts and Sciences, General Studies and Humanities.",Bachelor's Degree,40,30,70
232265,Hampton University,,5100,"Health Services/Allied Health/Health Sciences, General.",Bachelor's Degree,34,21,55
232265,Hampton University,,4301,Criminal Justice and Corrections.,Bachelor's Degree,34,17,51
232265,Hampton University,,5214,Marketing.,Bachelor's Degree,28,23,51
232265,Hampton University,,4510,Political Science and Government.,Bachelor's Degree,21,23,44
232265,Hampton University,,5138,"Registered Nursing, Nursing Administration, Nursing Research and Clinical Nursing.",Bachelor's Degree,23,12,35
232265,Hampton University,,1401,"Engineering, General.",Bachelor's Degree,17,14,31
232265,Hampton University,,1312,"Teacher Education and Professional Development, Specific Levels and Methods.",Bachelor's Degree,11,14,25
232265,Hampton University,,2602,"Biochemistry, Biophysics and Molecular Biology.",Bachelor's Degree,15,8,23
232265,Hampton University,,2301,"English Language and Literature, General.",Bachelor's Degree,12,8,20
232265,Hampton University,,1101,"Computer and Information Sciences, General.",Bachelor's Degree,5,14,19
232265,Hampton University,,5218,"General Sales, Merchandising and Related Marketing Operations.",Bachelor's Degree,7,12,19
232265,Hampton University,,4509,International Relations and National Security Studies.,Bachelor's Degree,13,5,18
232265,Hampton University,,4304,Security Science and Technology.,Bachelor's Degree,0,17,17
232265,Hampton University,,5102,Communication Disorders Sciences and Services.,Bachelor's Degree,9,6,15
232265,Hampton University,,4901,Air Transportation.,Bachelor's Degree,2,12,14
232265,Hampton University,,5208,Finance and Financial Management Services.,Bachelor's Degree,11,3,14
232265,Hampton University,,3802,Religion/Religious Studies.,Bachelor's Degree,9,4,13
232265,Hampton University,,5203,Accounting and Related Services.,Bachelor's Degree,6,6,12
232265,Hampton University,,1407,Chemical Engineering.,Bachelor's Degree,3,8,11
232265,Hampton University,,909,"Public Relations, Advertising, and Applied Communication.",Bachelor's Degree,0,10,10
232265,Hampton University,,4404,Public Administration.,Bachelor's Degree,5,5,10
232265,Hampton University,,5120,"Pharmacy, Pharmaceutical Sciences, and Administration.",Bachelor's Degree,9,1,10
232265,Hampton University,,2902,"Intelligence, Command Control and Information Operations.",Bachelor's Degree,8,0,8
232265,Hampton University,,5009,Music.,Bachelor's Degree,6,2,8
232265,Hampton University,,5212,Management Information Systems and Services.,Bachelor's Degree,4,4,8
232265,Hampton University,,2613,"Ecology, Evolution, Systematics, and Population Biology.",Bachelor's Degree,2,5,7
232265,Hampton University,,5206,Business/Managerial Economics.,Bachelor's Degree,5,2,7
232265,Hampton University,,1104,Information Science/Studies.,Bachelor's Degree,0,5,5
232265,Hampton University,,2203,Legal Support Services.,Bachelor's Degree,0,4,4
232265,Hampton University,,4511,Sociology.,Bachelor's Degree,0,4,4
232265,Hampton University,,5005,Drama/Theatre Arts and Stagecraft.,Bachelor's Degree,1,3,4
232265,Hampton University,,5010,"Arts, Entertainment, and Media Management.",Bachelor's Degree,3,1,4
232265,Hampton University,,5401,History.,Bachelor's Degree,2,2,4
232265,Hampton University,,2701,Mathematics.,Bachelor's Degree,2,1,3
232265,Hampton University,,4005,Chemistry.,Bachelor's Degree,2,1,3
232265,Hampton University,,4008,Physics.,Bachelor's Degree,2,1,3
232265,Hampton University,,5007,Fine and Studio Arts.,Bachelor's Degree,3,0,3
232265,Hampton University,,1313,"Teacher Education and Professional Development, Specific Subject Areas.",Bachelor's Degree,2,0,2
232265,Hampton University,,1312,"Teacher Education and Professional Development, Specific Levels and Methods.",Bachelor's Degree,30,20,50
177551,Harris-Stowe State University,,4301,Criminal Justice and Corrections.,Bachelor's Degree,34,29,63
177551,Harris-Stowe State University,,5202,"Business Administration, Management and Operations.",Bachelor's Degree,29,31,60
177551,Harris-Stowe State University,,2401,"Liberal Arts and Sciences, General Studies and Humanities.",Bachelor's Degree,25,17,42
177551,Harris-Stowe State University,,1301,"Education, General.",Bachelor's Degree,13,16,29
177551,Harris-Stowe State University,,4201,"Psychology, General.",Bachelor's Degree,11,18,29
177551,Harris-Stowe State University,,4511,Sociology.,Bachelor's Degree,18,11,29
177551,Harris-Stowe State University,,5203,Accounting and Related Services.,Bachelor's Degree,10,12,22
177551,Harris-Stowe State University,,1101,"Computer and Information Sciences, General.",Bachelor's Degree,10,10,20
177551,Harris-Stowe State University,,901,Communication and Media Studies.,Bachelor's Degree,9,10,19
177551,Harris-Stowe State University,,1312,"Teacher Education and Professional Development, Specific Levels and Methods.",Bachelor's Degree,11,7,18
177551,Harris-Stowe State University,,5107,Health and Medical Administrative Services.,Bachelor's Degree,12,6,18
177551,Harris-Stowe State University,,4510,Political Science and Government.,Bachelor's Degree,6,9,15
177551,Harris-Stowe State University,,2701,Mathematics.,Bachelor's Degree,5,2,7
177551,Harris-Stowe State University,,5208,Finance and Financial Management Services.,Bachelor's Degree,2,5,7
177551,Harris-Stowe State University,,4512,Urban Studies/Affairs.,Bachelor's Degree,1,2,3
177551,Harris-Stowe State University,,3001,Biological and Physical Sciences.,Bachelor's Degree,2,0,2
177551,Harris-Stowe State University,,5214,Marketing.,Bachelor's Degree,1,0,1
177551,Harris-Stowe State University,,5138,"Registered Nursing, Nursing Administration, Nursing Research and Clinical Nursing.",Bachelor's Degree,42,44,86
131520,Howard University,,4510,Political Science and Government.,Bachelor's Degree,121,148,269
131520,Howard University,,999,"Communication, Journalism, and Related Programs, Other.",Bachelor's Degree,116,121,237
131520,Howard University,,4201,"Psychology, General.",Bachelor's Degree,86,132,218
131520,Howard University,,909,"Public Relations, Advertising, and Applied Communication.",Bachelor's Degree,80,96,176
131520,Howard University,,3105,"Sports, Kinesiology, and Physical Education/Fitness.",Bachelor's Degree,51,77,128
131520,Howard University,,5214,Marketing.,Bachelor's Degree,55,65,120
131520,Howard University,,1107,Computer Science.,Bachelor's Degree,48,56,104
131520,Howard University,,5208,Finance and Financial Management Services.,Bachelor's Degree,39,54,93
131520,Howard University,,4301,Criminal Justice and Corrections.,Bachelor's Degree,34,52,86
131520,Howard University,,5100,"Health Services/Allied Health/Health Sciences, General.",Bachelor's Degree,39,42,81
131520,Howard University,,5138,"Registered Nursing, Nursing Administration, Nursing Research and Clinical Nursing.",Bachelor's Degree,34,43,77
131520,Howard University,,5010,"Arts, Entertainment, and Media Management.",Bachelor's Degree,36,32,68
131520,Howard University,,5299,"Business, Management, Marketing, and Related Support Services, Other.",Bachelor's Degree,22,45,67
131520,Howard University,,5212,Management Information Systems and Services.,Bachelor's Degree,23,35,58
131520,Howard University,,3000,"Multi-/Interdisciplinary Studies, General.",Bachelor's Degree,21,36,57
131520,Howard University,,5202,"Business Administration, Management and Operations.",Bachelor's Degree,24,27,51
131520,Howard University,,4511,Sociology.,Bachelor's Degree,17,30,47
131520,Howard University,,1419,Mechanical Engineering.,Bachelor's Degree,23,21,44
131520,Howard University,,4506,Economics.,Bachelor's Degree,19,25,44
131520,Howard University,,3019,Nutrition Sciences.,Bachelor's Degree,18,24,42
131520,Howard University,,5107,Health and Medical Administrative Services.,Bachelor's Degree,12,30,42
131520,Howard University,,402,Architecture.,Bachelor's Degree,12,29,41
131520,Howard University,,5007,Fine and Studio Arts.,Bachelor's Degree,22,17,39
131520,Howard University,,1407,Chemical Engineering.,Bachelor's Degree,21,15,36
131520,Howard University,,5211,International Business.,Bachelor's Degree,19,17,36
131520,Howard University,,2301,"English Language and Literature, General.",Bachelor's Degree,14,21,35
131520,Howard University,,5110,Clinical/Medical Laboratory Science/Research and Allied Professions.,Bachelor's Degree,19,16,35
131520,Howard University,,1312,"Teacher Education and Professional Development, Specific Levels and Methods.",Bachelor's Degree,15,18,33
131520,Howard University,,3199,"Parks, Recreation, Leisure, Fitness, and Kinesiology, Other.",Bachelor's Degree,19,12,31
131520,Howard University,,4005,Chemistry.,Bachelor's Degree,14,17,31
131520,Howard University,,1408,Civil Engineering.,Bachelor's Degree,14,14,28
131520,Howard University,,5203,Accounting and Related Services.,Bachelor's Degree,11,15,26
131520,Howard University,,1907,"Human Development, Family Studies, and Related Services.",Bachelor's Degree,9,16,25
131520,Howard University,,5009,Music.,Bachelor's Degree,11,11,22
131520,Howard University,,5401,History.,Bachelor's Degree,16,6,22
131520,Howard University,,502,"Ethnic, Cultural Minority, Gender, and Group Studies.",Bachelor's Degree,7,8,15
131520,Howard University,,2701,Mathematics.,Bachelor's Degree,6,9,15
131520,Howard University,,1409,Computer Engineering.,Bachelor's Degree,7,7,14
131520,Howard University,,1410,"Electrical, Electronics, and Communications Engineering.",Bachelor's Degree,4,9,13
131520,Howard University,,5109,"Allied Health Diagnostic, Intervention, and Treatment Professions.",Bachelor's Degree,6,7,13
131520,Howard University,,3801,Philosophy.,Bachelor's Degree,5,5,10
131520,Howard University,,4008,Physics.,Bachelor's Degree,2,6,8
131520,Howard University,,1609,"Romance Languages, Literatures, and Linguistics.",Bachelor's Degree,3,4,7
131520,Howard University,,501,Area Studies.,Bachelor's Degree,0,1,1
131520,Howard University,,5138,"Registered Nursing, Nursing Administration, Nursing Research and Clinical Nursing.",Bachelor's Degree,26,14,40
225575,Huston-Tillotson University,,4201,"Psychology, General.",Bachelor's Degree,38,29,67
225575,Huston-Tillotson University,,3105,"Sports, Kinesiology, and Physical Education/Fitness.",Bachelor's Degree,26,20,46
225575,Huston-Tillotson University,,1312,"Teacher Education and Professional Development, Specific Levels and Methods.",Bachelor's Degree,26,5,31
225575,Huston-Tillotson University,,4301,Criminal Justice and Corrections.,Bachelor's Degree,22,0,22
225575,Huston-Tillotson University,,2601,"Biology, General.",Bachelor's Degree,10,6,16
225575,Huston-Tillotson University,,1101,"Computer and Information Sciences, General.",Bachelor's Degree,1,8,9
225575,Huston-Tillotson University,,2701,Mathematics.,Bachelor's Degree,5,3,8
225575,Huston-Tillotson University,,5009,Music.,Bachelor's Degree,5,3,8
225575,Huston-Tillotson University,,901,Communication and Media Studies.,Bachelor's Degree,6,1,7
225575,Huston-Tillotson University,,2301,"English Language and Literature, General.",Bachelor's Degree,4,2,6
225575,Huston-Tillotson University,,4511,Sociology.,Bachelor's Degree,4,2,6
225575,Huston-Tillotson University,,1107,Computer Science.,Bachelor's Degree,5,0,5
225575,Huston-Tillotson University,,4005,Chemistry.,Bachelor's Degree,3,2,5
225575,Huston-Tillotson University,,4510,Political Science and Government.,Bachelor's Degree,5,0,5
225575,Huston-Tillotson University,,5401,History.,Bachelor's Degree,1,2,3
225575,Huston-Tillotson University,,301,Natural Resources Conservation and Research.,Bachelor's Degree,1,0,1
225575,Huston-Tillotson University,,5138,"Registered Nursing, Nursing Administration, Nursing Research and Clinical Nursing.",Bachelor's Degree,117,163,280
175856,Jackson State University,,3099,"Multi/Interdisciplinary Studies, Other.",Bachelor's Degree,72,80,152
175856,Jackson State University,,4301,Criminal Justice and Corrections.,Bachelor's Degree,93,55,148
175856,Jackson State University,,4407,Social Work.,Bachelor's Degree,75,62,137
175856,Jackson State University,,1399,"Education, Other.",Bachelor's Degree,67,55,122
175856,Jackson State University,,5202,"Business Administration, Management and Operations.",Bachelor's Degree,75,47,122
175856,Jackson State University,,5107,Health and Medical Administrative Services.,Bachelor's Degree,55,48,103
175856,Jackson State University,,1313,"Teacher Education and Professional Development, Specific Subject Areas.",Bachelor's Degree,60,31,91
175856,Jackson State University,,4201,"Psychology, General.",Bachelor's Degree,48,35,83
175856,Jackson State University,,901,Communication and Media Studies.,Bachelor's Degree,34,42,76
175856,Jackson State University,,1312,"Teacher Education and Professional Development, Specific Levels and Methods.",Bachelor's Degree,44,26,70
175856,Jackson State University,,2401,"Liberal Arts and Sciences, General Studies and Humanities.",Bachelor's Degree,48,21,69
175856,Jackson State University,,5203,Accounting and Related Services.,Bachelor's Degree,35,29,64
175856,Jackson State University,,1101,"Computer and Information Sciences, General.",Bachelor's Degree,27,26,53
175856,Jackson State University,,1409,Computer Engineering.,Bachelor's Degree,26,22,48
175856,Jackson State University,,4510,Political Science and Government.,Bachelor's Degree,18,17,35
175856,Jackson State University,,1506,Industrial Production Technologies/Technicians.,Bachelor's Degree,17,16,33
175856,Jackson State University,,1408,Civil Engineering.,Bachelor's Degree,16,14,30
175856,Jackson State University,,5001,"Visual and Performing Arts, General.",Bachelor's Degree,18,11,29
175856,Jackson State University,,5102,Communication Disorders Sciences and Services.,Bachelor's Degree,13,16,29
175856,Jackson State University,,5208,Finance and Financial Management Services.,Bachelor's Degree,20,7,27
175856,Jackson State University,,5214,Marketing.,Bachelor's Degree,8,13,21
175856,Jackson State University,,1410,"Electrical, Electronics, and Communications Engineering.",Bachelor's Degree,8,12,20
175856,Jackson State University,,4005,Chemistry.,Bachelor's Degree,10,10,20
175856,Jackson State University,,5207,Entrepreneurial and Small Business Operations.,Bachelor's Degree,10,8,18
175856,Jackson State University,,4004,Atmospheric Sciences and Meteorology.,Bachelor's Degree,4,9,13
175856,Jackson State University,,2301,"English Language and Literature, General.",Bachelor's Degree,9,3,12
175856,Jackson State University,,4008,Physics.,Bachelor's Degree,5,5,10
175856,Jackson State University,,5009,Music.,Bachelor's Degree,3,6,9
175856,Jackson State University,,2313,Rhetoric and Composition/Writing Studies.,Bachelor's Degree,5,3,8
175856,Jackson State University,,2701,Mathematics.,Bachelor's Degree,5,3,8
175856,Jackson State University,,4511,Sociology.,Bachelor's Degree,4,3,7
175856,Jackson State University,,5401,History.,Bachelor's Degree,3,2,5
175856,Jackson State University,,1310,Special Education and Teaching.,Bachelor's Degree,4,0,4
175856,Jackson State University,,1405,Biomedical/Medical Engineering.,Bachelor's Degree,1,2,3
175856,Jackson State University,,4006,Geological and Earth Sciences/Geosciences.,Bachelor's Degree,0,1,1
175856,Jackson State University,,5206,Business/Managerial Economics.,Bachelor's Degree,1,0,1
175856,Jackson State University,,5138,"Registered Nursing, Nursing Administration, Nursing Research and Clinical Nursing.",Bachelor's Degree,295,240,535
225885,Jarvis Christian University,,3105,"Sports, Kinesiology, and Physical Education/Fitness.",Bachelor's Degree,15,34,49
225885,Jarvis Christian University,,4301,Criminal Justice and Corrections.,Bachelor's Degree,17,25,42
225885,Jarvis Christian University,,2601,"Biology, General.",Bachelor's Degree,9,17,26
225885,Jarvis Christian University,,4407,Social Work.,Bachelor's Degree,4,11,15
225885,Jarvis Christian University,,1312,"Teacher Education and Professional Development, Specific Levels and Methods.",Bachelor's Degree,7,7,14
225885,Jarvis Christian University,,1313,"Teacher Education and Professional Development, Specific Subject Areas.",Bachelor's Degree,4,4,8
225885,Jarvis Christian University,,3802,Religion/Religious Studies.,Bachelor's Degree,0,3,3
225885,Jarvis Christian University,,4005,Chemistry.,Bachelor's Degree,1,2,3
225885,Jarvis Christian University,,2401,"Liberal Arts and Sciences, General Studies and Humanities.",Bachelor's Degree,0,2,2
225885,Jarvis Christian University,,3000,"Multi-/Interdisciplinary Studies, General.",Bachelor's Degree,1,1,2
225885,Jarvis Christian University,,3802,Religion/Religious Studies.,Bachelor's Degree,27,36,63
198756,Johnson C Smith University,,2601,"Biology, General.",Bachelor's Degree,27,24,51
198756,Johnson C Smith University,,3105,"Sports, Kinesiology, and Physical Education/Fitness.",Bachelor's Degree,16,20,36
198756,Johnson C Smith University,,2401,"Liberal Arts and Sciences, General Studies and Humanities.",Bachelor's Degree,18,16,34
198756,Johnson C Smith University,,4504,Criminology.,Bachelor's Degree,16,17,33
198756,Johnson C Smith University,,901,Communication and Media Studies.,Bachelor's Degree,20,12,32
198756,Johnson C Smith University,,1101,"Computer and Information Sciences, General.",Bachelor's Degree,16,14,30
198756,Johnson C Smith University,,4407,Social Work.,Bachelor's Degree,12,10,22
198756,Johnson C Smith University,,4201,"Psychology, General.",Bachelor's Degree,7,10,17
198756,Johnson C Smith University,,5122,Public Health.,Bachelor's Degree,7,7,14
198756,Johnson C Smith University,,5001,"Visual and Performing Arts, General.",Bachelor's Degree,5,3,8
198756,Johnson C Smith University,,4510,Political Science and Government.,Bachelor's Degree,2,3,5
198756,Johnson C Smith University,,1409,Computer Engineering.,Bachelor's Degree,4,0,4
198756,Johnson C Smith University,,2301,"English Language and Literature, General.",Bachelor's Degree,1,3,4
198756,Johnson C Smith University,,5003,Dance.,Bachelor's Degree,2,2,4
198756,Johnson C Smith University,,4005,Chemistry.,Bachelor's Degree,1,1,2
198756,Johnson C Smith University,,5009,Music.,Bachelor's Degree,2,0,2
198756,Johnson C Smith University,,5401,History.,Bachelor's Degree,1,1,2
198756,Johnson C Smith University,,3902,Bible/Biblical Studies.,Bachelor's Degree,157,133,290
157058,Kentucky State University,,4201,"Psychology, General.",Bachelor's Degree,14,18,32
157058,Kentucky State University,,2401,"Liberal Arts and Sciences, General Studies and Humanities.",Bachelor's Degree,14,17,31
157058,Kentucky State University,,904,Journalism.,Bachelor's Degree,12,11,23
157058,Kentucky State University,,4301,Criminal Justice and Corrections.,Bachelor's Degree,12,11,23
157058,Kentucky State University,,1313,"Teacher Education and Professional Development, Specific Subject Areas.",Bachelor's Degree,15,7,22
157058,Kentucky State University,,5138,"Registered Nursing, Nursing Administration, Nursing Research and Clinical Nursing.",Bachelor's Degree,4,16,20
157058,Kentucky State University,,1101,"Computer and Information Sciences, General.",Bachelor's Degree,8,8,16
157058,Kentucky State University,,2601,"Biology, General.",Bachelor's Degree,4,12,16
157058,Kentucky State University,,4407,Social Work.,Bachelor's Degree,5,9,14
157058,Kentucky State University,,1312,"Teacher Education and Professional Development, Specific Levels and Methods.",Bachelor's Degree,3,10,13
157058,Kentucky State University,,100,"Agriculture, General.",Bachelor's Degree,6,3,9
157058,Kentucky State University,,4501,"Social Sciences, General.",Bachelor's Degree,6,3,9
157058,Kentucky State University,,5009,Music.,Bachelor's Degree,5,2,7
157058,Kentucky State University,,1907,"Human Development, Family Studies, and Related Services.",Bachelor's Degree,3,1,4
157058,Kentucky State University,,2701,Mathematics.,Bachelor's Degree,0,4,4
157058,Kentucky State University,,4510,Political Science and Government.,Bachelor's Degree,3,1,4
157058,Kentucky State University,,4005,Chemistry.,Bachelor's Degree,1,2,3
157058,Kentucky State University,,2301,"English Language and Literature, General.",Bachelor's Degree,2,0,2
157058,Kentucky State University,,4404,Public Administration.,Bachelor's Degree,2,NA,2
157058,Kentucky State University,,5201,"Business/Commerce, General.",Bachelor's Degree,23,20,43
220598,Lane College,,1313,"Teacher Education and Professional Development, Specific Subject Areas.",Bachelor's Degree,12,20,32
220598,Lane College,,4511,Sociology.,Bachelor's Degree,10,21,31
220598,Lane College,,2601,"Biology, General.",Bachelor's Degree,17,11,28
220598,Lane College,,4301,Criminal Justice and Corrections.,Bachelor's Degree,10,18,28
220598,Lane College,,901,Communication and Media Studies.,Bachelor's Degree,8,14,22
220598,Lane College,,3099,"Multi/Interdisciplinary Studies, Other.",Bachelor's Degree,10,8,18
220598,Lane College,,1107,Computer Science.,Bachelor's Degree,2,11,13
220598,Lane College,,5009,Music.,Bachelor's Degree,6,4,10
220598,Lane College,,4005,Chemistry.,Bachelor's Degree,6,3,9
220598,Lane College,,5401,History.,Bachelor's Degree,1,4,5
220598,Lane College,,2301,"English Language and Literature, General.",Bachelor's Degree,2,2,4
220598,Lane College,,2701,Mathematics.,Bachelor's Degree,0,1,1
220598,Lane College,,3802,Religion/Religious Studies.,Bachelor's Degree,1,0,1
220598,Lane College,,5138,"Registered Nursing, Nursing Administration, Nursing Research and Clinical Nursing.",Bachelor's Degree,43,44,87
207209,Langston University,,5202,"Business Administration, Management and Operations.",Bachelor's Degree,28,29,57
207209,Langston University,,1313,"Teacher Education and Professional Development, Specific Subject Areas.",Bachelor's Degree,22,28,50
207209,Langston University,,4301,Criminal Justice and Corrections.,Bachelor's Degree,26,20,46
207209,Langston University,,4201,"Psychology, General.",Bachelor's Degree,23,18,41
207209,Langston University,,2601,"Biology, General.",Bachelor's Degree,12,11,23
207209,Langston University,,100,"Agriculture, General.",Bachelor's Degree,9,11,20
207209,Langston University,,2401,"Liberal Arts and Sciences, General Studies and Humanities.",Bachelor's Degree,11,7,18
207209,Langston University,,904,Journalism.,Bachelor's Degree,9,4,13
207209,Langston University,,5107,Health and Medical Administrative Services.,Bachelor's Degree,6,4,10
207209,Langston University,,1101,"Computer and Information Sciences, General.",Bachelor's Degree,3,5,8
207209,Langston University,,4511,Sociology.,Bachelor's Degree,2,6,8
207209,Langston University,,1312,"Teacher Education and Professional Development, Specific Levels and Methods.",Bachelor's Degree,0,7,7
207209,Langston University,,5123,Rehabilitation and Therapeutic Professions.,Bachelor's Degree,4,3,7
207209,Langston University,,5122,Public Health.,Bachelor's Degree,2,4,6
207209,Langston University,,1503,Electrical/Electronic Engineering Technologies/Technicians.,Bachelor's Degree,1,3,4
207209,Langston University,,2301,"English Language and Literature, General.",Bachelor's Degree,2,1,3
207209,Langston University,,5009,Music.,Bachelor's Degree,1,0,1
207209,Langston University,,5203,Accounting and Related Services.,Bachelor's Degree,1,0,1
207209,Langston University,,5107,Health and Medical Administrative Services.,Bachelor's Degree,0,9,9
220604,Le Moyne-Owen College,,3000,"Multi-/Interdisciplinary Studies, General.",Bachelor's Degree,14,32,46
220604,Le Moyne-Owen College,,4301,Criminal Justice and Corrections.,Bachelor's Degree,17,28,45
220604,Le Moyne-Owen College,,2601,"Biology, General.",Bachelor's Degree,19,8,27
220604,Le Moyne-Owen College,,4407,Social Work.,Bachelor's Degree,8,8,16
220604,Le Moyne-Owen College,,1101,"Computer and Information Sciences, General.",Bachelor's Degree,3,5,8
220604,Le Moyne-Owen College,,2301,"English Language and Literature, General.",Bachelor's Degree,5,2,7
220604,Le Moyne-Owen College,,1107,Computer Science.,Bachelor's Degree,4,1,5
220604,Le Moyne-Owen College,,4511,Sociology.,Bachelor's Degree,2,3,5
220604,Le Moyne-Owen College,,5007,Fine and Studio Arts.,Bachelor's Degree,1,4,5
220604,Le Moyne-Owen College,,5009,Music.,Bachelor's Degree,2,3,5
220604,Le Moyne-Owen College,,999,"Communication, Journalism, and Related Programs, Other.",Bachelor's Degree,3,0,3
220604,Le Moyne-Owen College,,4510,Political Science and Government.,Bachelor's Degree,2,1,3
220604,Le Moyne-Owen College,,4005,Chemistry.,Bachelor's Degree,1,1,2
220604,Le Moyne-Owen College,,1301,"Education, General.",Bachelor's Degree,1,0,1
220604,Le Moyne-Owen College,,3105,"Sports, Kinesiology, and Physical Education/Fitness.",Bachelor's Degree,77,87,164
213598,Lincoln University,The Lincoln University (Pa.),5100,"Health Services/Allied Health/Health Sciences, General.",Bachelor's Degree,60,36,96
213598,Lincoln University,The Lincoln University (Pa.),4301,Criminal Justice and Corrections.,Bachelor's Degree,45,39,84
213598,Lincoln University,The Lincoln University (Pa.),5202,"Business Administration, Management and Operations.",Bachelor's Degree,38,30,68
177940,Lincoln University,Lincoln University (Mo.),907,"Radio, Television, and Digital Communication.",Bachelor's Degree,37,25,62
213598,Lincoln University,The Lincoln University (Pa.),5138,"Registered Nursing, Nursing Administration, Nursing Research and Clinical Nursing.",Bachelor's Degree,38,22,60
177940,Lincoln University,Lincoln University (Mo.),5202,"Business Administration, Management and Operations.",Bachelor's Degree,28,19,47
213598,Lincoln University,The Lincoln University (Pa.),1905,"Foods, Nutrition, and Related Services.",Bachelor's Degree,23,22,45
177940,Lincoln University,Lincoln University (Mo.),4201,"Psychology, General.",Bachelor's Degree,24,19,43
213598,Lincoln University,The Lincoln University (Pa.),2601,"Biology, General.",Bachelor's Degree,22,19,41
213598,Lincoln University,The Lincoln University (Pa.),4301,Criminal Justice and Corrections.,Bachelor's Degree,15,20,35
177940,Lincoln University,Lincoln University (Mo.),2401,"Liberal Arts and Sciences, General Studies and Humanities.",Bachelor's Degree,20,13,33
177940,Lincoln University,Lincoln University (Mo.),4201,"Psychology, General.",Bachelor's Degree,17,16,33
177940,Lincoln University,Lincoln University (Mo.),1101,"Computer and Information Sciences, General.",Bachelor's Degree,16,16,32
213598,Lincoln University,The Lincoln University (Pa.),5138,"Registered Nursing, Nursing Administration, Nursing Research and Clinical Nursing.",Bachelor's Degree,0,27,27
213598,Lincoln University,The Lincoln University (Pa.),5109,"Allied Health Diagnostic, Intervention, and Treatment Professions.",Bachelor's Degree,15,10,25
177940,Lincoln University,Lincoln University (Mo.),4510,Political Science and Government.,Bachelor's Degree,16,7,23
213598,Lincoln University,The Lincoln University (Pa.),1312,"Teacher Education and Professional Development, Specific Levels and Methods.",Bachelor's Degree,11,9,20
177940,Lincoln University,Lincoln University (Mo.),4407,Social Work.,Bachelor's Degree,13,7,20
177940,Lincoln University,Lincoln University (Mo.),5203,Accounting and Related Services.,Bachelor's Degree,15,5,20
213598,Lincoln University,The Lincoln University (Pa.),4511,Sociology.,Bachelor's Degree,14,4,18
213598,Lincoln University,The Lincoln University (Pa.),2301,"English Language and Literature, General.",Bachelor's Degree,7,10,17
213598,Lincoln University,The Lincoln University (Pa.),5202,"Business Administration, Management and Operations.",Bachelor's Degree,6,10,16
177940,Lincoln University,Lincoln University (Mo.),904,Journalism.,Bachelor's Degree,5,7,12
177940,Lincoln University,Lincoln University (Mo.),5208,Finance and Financial Management Services.,Bachelor's Degree,9,3,12
213598,Lincoln University,The Lincoln University (Pa.),5203,Accounting and Related Services.,Bachelor's Degree,5,6,11
177940,Lincoln University,Lincoln University (Mo.),1313,"Teacher Education and Professional Development, Specific Subject Areas.",Bachelor's Degree,7,2,9
177940,Lincoln University,Lincoln University (Mo.),4502,Anthropology.,Bachelor's Degree,7,2,9
213598,Lincoln University,The Lincoln University (Pa.),5007,Fine and Studio Arts.,Bachelor's Degree,5,4,9
213598,Lincoln University,The Lincoln University (Pa.),1104,Information Science/Studies.,Bachelor's Degree,6,2,8
177940,Lincoln University,Lincoln University (Mo.),501,Area Studies.,Bachelor's Degree,6,2,8
213598,Lincoln University,The Lincoln University (Pa.),4001,"Physical Sciences, General.",Bachelor's Degree,5,3,8
213598,Lincoln University,The Lincoln University (Pa.),2301,"English Language and Literature, General.",Bachelor's Degree,3,3,6
177940,Lincoln University,Lincoln University (Mo.),4510,Political Science and Government.,Bachelor's Degree,1,5,6
177940,Lincoln University,Lincoln University (Mo.),5401,History.,Bachelor's Degree,3,3,6
177940,Lincoln University,Lincoln University (Mo.),1609,"Romance Languages, Literatures, and Linguistics.",Bachelor's Degree,3,3,6
213598,Lincoln University,The Lincoln University (Pa.),2602,"Biochemistry, Biophysics and Molecular Biology.",Bachelor's Degree,4,2,6
213598,Lincoln University,The Lincoln University (Pa.),1502,Civil Engineering Technologies/Technicians.,Bachelor's Degree,3,2,5
177940,Lincoln University,Lincoln University (Mo.),5009,Music.,Bachelor's Degree,1,3,4
213598,Lincoln University,The Lincoln University (Pa.),4005,Chemistry.,Bachelor's Degree,0,3,3
177940,Lincoln University,Lincoln University (Mo.),4008,Physics.,Bachelor's Degree,2,1,3
177940,Lincoln University,Lincoln University (Mo.),4511,Sociology.,Bachelor's Degree,2,1,3
177940,Lincoln University,Lincoln University (Mo.),1413,Engineering Science.,Bachelor's Degree,0,3,3
213598,Lincoln University,The Lincoln University (Pa.),4005,Chemistry.,Bachelor's Degree,2,1,3
213598,Lincoln University,The Lincoln University (Pa.),1310,Special Education and Teaching.,Bachelor's Degree,1,1,2
177940,Lincoln University,Lincoln University (Mo.),2701,Mathematics.,Bachelor's Degree,1,1,2
177940,Lincoln University,Lincoln University (Mo.),2401,"Liberal Arts and Sciences, General Studies and Humanities.",Bachelor's Degree,1,1,2
213598,Lincoln University,The Lincoln University (Pa.),3801,Philosophy.,Bachelor's Degree,2,0,2
213598,Lincoln University,The Lincoln University (Pa.),3802,Religion/Religious Studies.,Bachelor's Degree,1,1,2
213598,Lincoln University,The Lincoln University (Pa.),5401,History.,Bachelor's Degree,1,1,2
213598,Lincoln University,The Lincoln University (Pa.),101,Agricultural Business and Management.,Bachelor's Degree,1,NA,1
177940,Lincoln University,Lincoln University (Mo.),5007,Fine and Studio Arts.,Bachelor's Degree,0,1,1
177940,Lincoln University,Lincoln University (Mo.),301,Natural Resources Conservation and Research.,Bachelor's Degree,0,1,1
213598,Lincoln University,The Lincoln University (Pa.),2701,Mathematics.,Bachelor's Degree,0,1,1
213598,Lincoln University,The Lincoln University (Pa.),5201,"Business/Commerce, General.",Bachelor's Degree,188,186,374
198862,Livingstone College,,3105,"Sports, Kinesiology, and Physical Education/Fitness.",Bachelor's Degree,17,21,38
198862,Livingstone College,,4301,Criminal Justice and Corrections.,Bachelor's Degree,14,14,28
198862,Livingstone College,,2601,"Biology, General.",Bachelor's Degree,16,8,24
198862,Livingstone College,,4407,Social Work.,Bachelor's Degree,18,6,24
198862,Livingstone College,,4201,"Psychology, General.",Bachelor's Degree,10,10,20
198862,Livingstone College,,1101,"Computer and Information Sciences, General.",Bachelor's Degree,9,10,19
198862,Livingstone College,,2401,"Liberal Arts and Sciences, General Studies and Humanities.",Bachelor's Degree,8,5,13
198862,Livingstone College,,5209,Hospitality Administration/Management.,Bachelor's Degree,11,2,13
198862,Livingstone College,,2701,Mathematics.,Bachelor's Degree,4,2,6
198862,Livingstone College,,3802,Religion/Religious Studies.,Bachelor's Degree,2,3,5
198862,Livingstone College,,4510,Political Science and Government.,Bachelor's Degree,3,2,5
198862,Livingstone College,,1312,"Teacher Education and Professional Development, Specific Levels and Methods.",Bachelor's Degree,0,4,4
198862,Livingstone College,,2301,"English Language and Literature, General.",Bachelor's Degree,3,1,4
198862,Livingstone College,,4511,Sociology.,Bachelor's Degree,1,2,3
198862,Livingstone College,,5401,History.,Bachelor's Degree,0,2,2
198862,Livingstone College,,5009,Music.,Bachelor's Degree,1,0,1
198862,Livingstone College,,2601,"Biology, General.",Bachelor's Degree,41,54,95
101675,Miles College,,4301,Criminal Justice and Corrections.,Bachelor's Degree,34,20,54
101675,Miles College,,4407,Social Work.,Bachelor's Degree,19,17,36
101675,Miles College,,999,"Communication, Journalism, and Related Programs, Other.",Bachelor's Degree,12,16,28
101675,Miles College,,2601,"Biology, General.",Bachelor's Degree,19,8,27
101675,Miles College,,5299,"Business, Management, Marketing, and Related Support Services, Other.",Bachelor's Degree,NA,18,18
101675,Miles College,,1907,"Human Development, Family Studies, and Related Services.",Bachelor's Degree,9,8,17
101675,Miles College,,1109,Computer Systems Networking and Telecommunications.,Bachelor's Degree,9,6,15
101675,Miles College,,4510,Political Science and Government.,Bachelor's Degree,9,5,14
101675,Miles College,,5009,Music.,Bachelor's Degree,10,3,13
101675,Miles College,,5203,Accounting and Related Services.,Bachelor's Degree,8,4,12
101675,Miles College,,4201,"Psychology, General.",Bachelor's Degree,NA,7,7
101675,Miles College,,2301,"English Language and Literature, General.",Bachelor's Degree,3,3,6
101675,Miles College,,5401,History.,Bachelor's Degree,2,4,6
101675,Miles College,,1313,"Teacher Education and Professional Development, Specific Subject Areas.",Bachelor's Degree,0,3,3
101675,Miles College,,4005,Chemistry.,Bachelor's Degree,2,1,3
101675,Miles College,,5001,"Visual and Performing Arts, General.",Bachelor's Degree,2,0,2
101675,Miles College,,301,Natural Resources Conservation and Research.,Bachelor's Degree,1,0,1
101675,Miles College,,1312,"Teacher Education and Professional Development, Specific Levels and Methods.",Bachelor's Degree,1,0,1
101675,Miles College,,2701,Mathematics.,Bachelor's Degree,1,0,1
101675,Miles College,,5212,Management Information Systems and Services.,Bachelor's Degree,1,0,1
101675,Miles College,,5202,"Business Administration, Management and Operations.",Bachelor's Degree,9,11,20
176044,Mississippi Valley State University,,2401,"Liberal Arts and Sciences, General Studies and Humanities.",Bachelor's Degree,26,34,60
176044,Mississippi Valley State University,,2601,"Biology, General.",Bachelor's Degree,22,28,50
176044,Mississippi Valley State University,,4407,Social Work.,Bachelor's Degree,23,20,43
176044,Mississippi Valley State University,,5202,"Business Administration, Management and Operations.",Bachelor's Degree,19,24,43
176044,Mississippi Valley State University,,4301,Criminal Justice and Corrections.,Bachelor's Degree,17,15,32
176044,Mississippi Valley State University,,3105,"Sports, Kinesiology, and Physical Education/Fitness.",Bachelor's Degree,15,10,25
176044,Mississippi Valley State University,,909,"Public Relations, Advertising, and Applied Communication.",Bachelor's Degree,11,12,23
176044,Mississippi Valley State University,,1506,Industrial Production Technologies/Technicians.,Bachelor's Degree,11,9,20
176044,Mississippi Valley State University,,4005,Chemistry.,Bachelor's Degree,5,11,16
176044,Mississippi Valley State University,,5009,Music.,Bachelor's Degree,3,13,16
176044,Mississippi Valley State University,,1101,"Computer and Information Sciences, General.",Bachelor's Degree,7,8,15
176044,Mississippi Valley State University,,2701,Mathematics.,Bachelor's Degree,2,7,9
176044,Mississippi Valley State University,,5203,Accounting and Related Services.,Bachelor's Degree,3,3,6
176044,Mississippi Valley State University,,2200,Non-Professional Legal Studies.,Bachelor's Degree,2,3,5
176044,Mississippi Valley State University,,4511,Sociology.,Bachelor's Degree,1,4,5
176044,Mississippi Valley State University,,5001,"Visual and Performing Arts, General.",Bachelor's Degree,3,2,5
176044,Mississippi Valley State University,,2301,"English Language and Literature, General.",Bachelor's Degree,1,2,3
176044,Mississippi Valley State University,,5401,History.,Bachelor's Degree,3,0,3
176044,Mississippi Valley State University,,2313,Rhetoric and Composition/Writing Studies.,Bachelor's Degree,2,0,2
176044,Mississippi Valley State University,,5122,Public Health.,Bachelor's Degree,0,2,2
176044,Mississippi Valley State University,,4510,Political Science and Government.,Bachelor's Degree,1,0,1
176044,Mississippi Valley State University,,5202,"Business Administration, Management and Operations.",Bachelor's Degree,80,70,150
140553,Morehouse College,,2601,"Biology, General.",Bachelor's Degree,52,32,84
140553,Morehouse College,,4510,Political Science and Government.,Bachelor's Degree,36,25,61
140553,Morehouse College,,4511,Sociology.,Bachelor's Degree,35,26,61
140553,Morehouse College,,3105,"Sports, Kinesiology, and Physical Education/Fitness.",Bachelor's Degree,26,23,49
140553,Morehouse College,,5006,Film/Video and Photographic Arts.,Bachelor's Degree,12,35,47
140553,Morehouse College,,1107,Computer Science.,Bachelor's Degree,27,17,44
140553,Morehouse College,,4201,"Psychology, General.",Bachelor's Degree,21,16,37
140553,Morehouse College,,4506,Economics.,Bachelor's Degree,21,16,37
140553,Morehouse College,,2301,"English Language and Literature, General.",Bachelor's Degree,18,8,26
140553,Morehouse College,,5005,Drama/Theatre Arts and Stagecraft.,Bachelor's Degree,11,11,22
140553,Morehouse College,,901,Communication and Media Studies.,Bachelor's Degree,19,0,19
140553,Morehouse College,,1409,Computer Engineering.,Bachelor's Degree,7,10,17
140553,Morehouse College,,2701,Mathematics.,Bachelor's Degree,11,5,16
140553,Morehouse College,,501,Area Studies.,Bachelor's Degree,5,9,14
140553,Morehouse College,,4005,Chemistry.,Bachelor's Degree,8,4,12
140553,Morehouse College,,4008,Physics.,Bachelor's Degree,9,3,12
140553,Morehouse College,,909,"Public Relations, Advertising, and Applied Communication.",Bachelor's Degree,NA,10,10
140553,Morehouse College,,1412,Engineering Physics.,Bachelor's Degree,7,3,10
140553,Morehouse College,,1413,Engineering Science.,Bachelor's Degree,5,5,10
140553,Morehouse College,,3801,Philosophy.,Bachelor's Degree,3,7,10
140553,Morehouse College,,5009,Music.,Bachelor's Degree,7,3,10
140553,Morehouse College,,5401,History.,Bachelor's Degree,4,5,9
140553,Morehouse College,,3020,International/Globalization Studies.,Bachelor's Degree,7,1,8
140553,Morehouse College,,5007,Fine and Studio Arts.,Bachelor's Degree,3,2,5
140553,Morehouse College,,1609,"Romance Languages, Literatures, and Linguistics.",Bachelor's Degree,2,2,4
140553,Morehouse College,,3802,Religion/Religious Studies.,Bachelor's Degree,1,3,4
140553,Morehouse College,,5138,"Registered Nursing, Nursing Administration, Nursing Research and Clinical Nursing.",Bachelor's Degree,5,15,20
163453,Morgan State University,,5202,"Business Administration, Management and Operations.",Bachelor's Degree,71,85,156
163453,Morgan State University,,1410,"Electrical, Electronics, and Communications Engineering.",Bachelor's Degree,73,46,119
163453,Morgan State University,,4201,"Psychology, General.",Bachelor's Degree,53,61,114
163453,Morgan State University,,4407,Social Work.,Bachelor's Degree,56,53,109
163453,Morgan State University,,904,Journalism.,Bachelor's Degree,40,66,106
163453,Morgan State University,,2601,"Biology, General.",Bachelor's Degree,46,56,102
163453,Morgan State University,,1408,Civil Engineering.,Bachelor's Degree,48,36,84
163453,Morgan State University,,1101,"Computer and Information Sciences, General.",Bachelor's Degree,35,40,75
163453,Morgan State University,,402,Architecture.,Bachelor's Degree,39,28,67
163453,Morgan State University,,1104,Information Science/Studies.,Bachelor's Degree,34,29,63
163453,Morgan State University,,4511,Sociology.,Bachelor's Degree,31,28,59
163453,Morgan State University,,4510,Political Science and Government.,Bachelor's Degree,25,27,52
163453,Morgan State University,,5122,Public Health.,Bachelor's Degree,21,28,49
163453,Morgan State University,,5138,"Registered Nursing, Nursing Administration, Nursing Research and Clinical Nursing.",Bachelor's Degree,20,27,47
163453,Morgan State University,,1312,"Teacher Education and Professional Development, Specific Levels and Methods.",Bachelor's Degree,21,19,40
163453,Morgan State University,,5203,Accounting and Related Services.,Bachelor's Degree,24,16,40
163453,Morgan State University,,909,"Public Relations, Advertising, and Applied Communication.",Bachelor's Degree,17,20,37
163453,Morgan State University,,1435,Industrial Engineering.,Bachelor's Degree,18,19,37
163453,Morgan State University,,5214,Marketing.,Bachelor's Degree,20,17,37
163453,Morgan State University,,1003,Graphic Communications.,Bachelor's Degree,16,20,36
163453,Morgan State University,,5208,Finance and Financial Management Services.,Bachelor's Degree,21,12,33
163453,Morgan State University,,5220,Construction Management.,Bachelor's Degree,17,16,33
163453,Morgan State University,,1313,"Teacher Education and Professional Development, Specific Subject Areas.",Bachelor's Degree,18,13,31
163453,Morgan State University,,5007,Fine and Studio Arts.,Bachelor's Degree,14,13,27
163453,Morgan State University,,1901,"Family and Consumer Sciences/Human Sciences, General.",Bachelor's Degree,13,13,26
163453,Morgan State University,,1905,"Foods, Nutrition, and Related Services.",Bachelor's Degree,16,9,25
163453,Morgan State University,,5209,Hospitality Administration/Management.,Bachelor's Degree,12,8,20
163453,Morgan State University,,5009,Music.,Bachelor's Degree,7,11,18
163453,Morgan State University,,2301,"English Language and Literature, General.",Bachelor's Degree,11,3,14
163453,Morgan State University,,5004,Design and Applied Arts.,Bachelor's Degree,8,5,13
163453,Morgan State University,,4005,Chemistry.,Bachelor's Degree,3,8,11
163453,Morgan State University,,3801,Philosophy.,Bachelor's Degree,5,5,10
163453,Morgan State University,,5110,Clinical/Medical Laboratory Science/Research and Allied Professions.,Bachelor's Degree,7,3,10
163453,Morgan State University,,5207,Entrepreneurial and Small Business Operations.,Bachelor's Degree,6,3,9
163453,Morgan State University,,4506,Economics.,Bachelor's Degree,5,3,8
163453,Morgan State University,,5005,Drama/Theatre Arts and Stagecraft.,Bachelor's Degree,4,4,8
163453,Morgan State University,,2701,Mathematics.,Bachelor's Degree,3,4,7
163453,Morgan State University,,5401,History.,Bachelor's Degree,4,2,6
163453,Morgan State University,,1412,Engineering Physics.,Bachelor's Degree,2,2,4
163453,Morgan State University,,5213,Management Sciences and Quantitative Methods.,Bachelor's Degree,2,2,4
163453,Morgan State University,,4008,Physics.,Bachelor's Degree,0,3,3
163453,Morgan State University,,3070,Data Science.,Bachelor's Degree,NA,2,2
163453,Morgan State University,,1109,Computer Systems Networking and Telecommunications.,Bachelor's Degree,1,0,1
163453,Morgan State University,,3020,International/Globalization Studies.,Bachelor's Degree,NA,1,1
163453,Morgan State University,,5202,"Business Administration, Management and Operations.",Bachelor's Degree,64,59,123
140571,Morris Brown College,,2401,"Liberal Arts and Sciences, General Studies and Humanities.",Bachelor's Degree,2,4,6
140571,Morris Brown College,,4201,"Psychology, General.",Bachelor's Degree,1,4,5
140571,Morris Brown College,,5009,Music.,Bachelor's Degree,0,2,2
140571,Morris Brown College,,5202,"Business Administration, Management and Operations.",Bachelor's Degree,27,33,60
218399,Morris College,,4301,Criminal Justice and Corrections.,Bachelor's Degree,18,14,32
218399,Morris College,,4511,Sociology.,Bachelor's Degree,3,8,11
218399,Morris College,,901,Communication and Media Studies.,Bachelor's Degree,6,4,10
218399,Morris College,,5115,Mental and Social Health Services and Allied Professions.,Bachelor's Degree,4,4,8
218399,Morris College,,2401,"Liberal Arts and Sciences, General Studies and Humanities.",Bachelor's Degree,7,0,7
218399,Morris College,,3103,"Parks, Recreation, and Leisure Facilities Management.",Bachelor's Degree,7,0,7
218399,Morris College,,1312,"Teacher Education and Professional Development, Specific Levels and Methods.",Bachelor's Degree,2,3,5
218399,Morris College,,2601,"Biology, General.",Bachelor's Degree,1,4,5
218399,Morris College,,2301,"English Language and Literature, General.",Bachelor's Degree,0,2,2
218399,Morris College,,3906,Theological and Ministerial Studies.,Bachelor's Degree,1,1,2
218399,Morris College,,1110,Computer/Information Technology Administration and Management.,Bachelor's Degree,0,1,1
218399,Morris College,,2701,Mathematics.,Bachelor's Degree,0,1,1
218399,Morris College,,3904,Religious Education.,Bachelor's Degree,0,1,1
218399,Morris College,,5138,"Registered Nursing, Nursing Administration, Nursing Research and Clinical Nursing.",Bachelor's Degree,57,46,103
232937,Norfolk State University,,5201,"Business/Commerce, General.",Bachelor's Degree,71,84,155
232937,Norfolk State University,,3099,"Multi/Interdisciplinary Studies, Other.",Bachelor's Degree,56,62,118
232937,Norfolk State University,,4511,Sociology.,Bachelor's Degree,61,56,117
232937,Norfolk State University,,4407,Social Work.,Bachelor's Degree,57,56,113
232937,Norfolk State University,,2601,"Biology, General.",Bachelor's Degree,55,56,111
232937,Norfolk State University,,999,"Communication, Journalism, and Related Programs, Other.",Bachelor's Degree,47,61,108
232937,Norfolk State University,,5107,Health and Medical Administrative Services.,Bachelor's Degree,49,49,98
232937,Norfolk State University,,3105,"Sports, Kinesiology, and Physical Education/Fitness.",Bachelor's Degree,27,42,69
232937,Norfolk State University,,1101,"Computer and Information Sciences, General.",Bachelor's Degree,30,28,58
232937,Norfolk State University,,5138,"Registered Nursing, Nursing Administration, Nursing Research and Clinical Nursing.",Bachelor's Degree,23,32,55
232937,Norfolk State University,,4510,Political Science and Government.,Bachelor's Degree,21,20,41
232937,Norfolk State University,,5007,Fine and Studio Arts.,Bachelor's Degree,16,16,32
232937,Norfolk State University,,5203,Accounting and Related Services.,Bachelor's Degree,14,15,29
232937,Norfolk State University,,5009,Music.,Bachelor's Degree,16,11,27
232937,Norfolk State University,,5401,History.,Bachelor's Degree,18,8,26
232937,Norfolk State University,,1312,"Teacher Education and Professional Development, Specific Levels and Methods.",Bachelor's Degree,12,13,25
232937,Norfolk State University,,1410,"Electrical, Electronics, and Communications Engineering.",Bachelor's Degree,10,13,23
232937,Norfolk State University,,1510,Construction Engineering Technology/Technician.,Bachelor's Degree,10,9,19
232937,Norfolk State University,,5005,Drama/Theatre Arts and Stagecraft.,Bachelor's Degree,7,8,15
232937,Norfolk State University,,1512,Computer Engineering Technologies/Technicians.,Bachelor's Degree,7,7,14
232937,Norfolk State University,,2701,Mathematics.,Bachelor's Degree,8,2,10
232937,Norfolk State University,,2301,"English Language and Literature, General.",Bachelor's Degree,5,4,9
232937,Norfolk State University,,4005,Chemistry.,Bachelor's Degree,2,7,9
232937,Norfolk State University,,1503,Electrical/Electronic Engineering Technologies/Technicians.,Bachelor's Degree,4,4,8
232937,Norfolk State University,,1999,"Family and Consumer Sciences/Human Sciences, Other.",Bachelor's Degree,2,5,7
232937,Norfolk State University,,1499,"Engineering, Other.",Bachelor's Degree,1,2,3
232937,Norfolk State University,,4008,Physics.,Bachelor's Degree,2,0,2
232937,Norfolk State University,,1310,Special Education and Teaching.,Bachelor's Degree,NA,1,1
232937,Norfolk State University,,1107,Computer Science.,Bachelor's Degree,10,21,31
199102,North Carolina A & T State University,,4201,"Psychology, General.",Bachelor's Degree,157,163,320
199102,North Carolina A & T State University,,901,Communication and Media Studies.,Bachelor's Degree,145,115,260
199102,North Carolina A & T State University,,3105,"Sports, Kinesiology, and Physical Education/Fitness.",Bachelor's Degree,120,125,245
199102,North Carolina A & T State University,,5202,"Business Administration, Management and Operations.",Bachelor's Degree,117,122,239
199102,North Carolina A & T State University,,4301,Criminal Justice and Corrections.,Bachelor's Degree,110,101,211
199102,North Carolina A & T State University,,2601,"Biology, General.",Bachelor's Degree,87,94,181
199102,North Carolina A & T State University,,1419,Mechanical Engineering.,Bachelor's Degree,82,79,161
199102,North Carolina A & T State University,,1101,"Computer and Information Sciences, General.",Bachelor's Degree,76,72,148
199102,North Carolina A & T State University,,109,Animal Sciences.,Bachelor's Degree,83,59,142
199102,North Carolina A & T State University,,5138,"Registered Nursing, Nursing Administration, Nursing Research and Clinical Nursing.",Bachelor's Degree,83,48,131
199102,North Carolina A & T State University,,1107,Computer Science.,Bachelor's Degree,57,64,121
199102,North Carolina A & T State University,,4407,Social Work.,Bachelor's Degree,50,45,95
199102,North Carolina A & T State University,,1405,Biomedical/Medical Engineering.,Bachelor's Degree,34,44,78
199102,North Carolina A & T State University,,5214,Marketing.,Bachelor's Degree,33,43,76
199102,North Carolina A & T State University,,1435,Industrial Engineering.,Bachelor's Degree,43,30,73
199102,North Carolina A & T State University,,1407,Chemical Engineering.,Bachelor's Degree,33,32,65
199102,North Carolina A & T State University,,1408,Civil Engineering.,Bachelor's Degree,28,37,65
199102,North Carolina A & T State University,,1410,"Electrical, Electronics, and Communications Engineering.",Bachelor's Degree,33,31,64
199102,North Carolina A & T State University,,5212,Management Information Systems and Services.,Bachelor's Degree,38,25,63
199102,North Carolina A & T State University,,4510,Political Science and Government.,Bachelor's Degree,32,30,62
199102,North Carolina A & T State University,,5203,Accounting and Related Services.,Bachelor's Degree,38,21,59
199102,North Carolina A & T State University,,1506,Industrial Production Technologies/Technicians.,Bachelor's Degree,30,28,58
199102,North Carolina A & T State University,,100,"Agriculture, General.",Bachelor's Degree,29,27,56
199102,North Carolina A & T State University,,1409,Computer Engineering.,Bachelor's Degree,25,30,55
199102,North Carolina A & T State University,,1404,Architectural Engineering.,Bachelor's Degree,28,23,51
199102,North Carolina A & T State University,,5007,Fine and Studio Arts.,Bachelor's Degree,17,33,50
199102,North Carolina A & T State University,,5004,Design and Applied Arts.,Bachelor's Degree,30,19,49
199102,North Carolina A & T State University,,1599,"Engineering/Engineering-Related Technologies/Technicians, Other.",Bachelor's Degree,22,19,41
199102,North Carolina A & T State University,,1901,"Family and Consumer Sciences/Human Sciences, General.",Bachelor's Degree,24,15,39
199102,North Carolina A & T State University,,2301,"English Language and Literature, General.",Bachelor's Degree,16,23,39
199102,North Carolina A & T State University,,1312,"Teacher Education and Professional Development, Specific Levels and Methods.",Bachelor's Degree,19,15,34
199102,North Carolina A & T State University,,1313,"Teacher Education and Professional Development, Specific Subject Areas.",Bachelor's Degree,16,17,33
199102,North Carolina A & T State University,,4506,Economics.,Bachelor's Degree,14,19,33
199102,North Carolina A & T State University,,4511,Sociology.,Bachelor's Degree,15,18,33
199102,North Carolina A & T State University,,5208,Finance and Financial Management Services.,Bachelor's Degree,13,18,31
199102,North Carolina A & T State University,,1907,"Human Development, Family Studies, and Related Services.",Bachelor's Degree,12,16,28
199102,North Carolina A & T State University,,2701,Mathematics.,Bachelor's Degree,19,9,28
199102,North Carolina A & T State University,,4005,Chemistry.,Bachelor's Degree,12,13,25
199102,North Carolina A & T State University,,1905,"Foods, Nutrition, and Related Services.",Bachelor's Degree,13,11,24
199102,North Carolina A & T State University,,5005,Drama/Theatre Arts and Stagecraft.,Bachelor's Degree,10,13,23
199102,North Carolina A & T State University,,5122,Public Health.,Bachelor's Degree,11,12,23
199102,North Carolina A & T State University,,1403,Agricultural Engineering.,Bachelor's Degree,13,8,21
199102,North Carolina A & T State University,,5107,Health and Medical Administrative Services.,Bachelor's Degree,0,17,17
199102,North Carolina A & T State University,,406,Landscape Architecture.,Bachelor's Degree,7,8,15
199102,North Carolina A & T State University,,1503,Electrical/Electronic Engineering Technologies/Technicians.,Bachelor's Degree,3,11,14
199102,North Carolina A & T State University,,5401,History.,Bachelor's Degree,11,3,14
199102,North Carolina A & T State University,,1438,Surveying Engineering.,Bachelor's Degree,5,6,11
199102,North Carolina A & T State University,,4008,Physics.,Bachelor's Degree,2,8,10
199102,North Carolina A & T State University,,4004,Atmospheric Sciences and Meteorology.,Bachelor's Degree,3,3,6
199102,North Carolina A & T State University,,5009,Music.,Bachelor's Degree,3,3,6
199102,North Carolina A & T State University,,1108,Computer Software and Media Applications.,Bachelor's Degree,1,1,2
199102,North Carolina A & T State University,,4301,Criminal Justice and Corrections.,Bachelor's Degree,122,114,236
199157,North Carolina Central University,,4501,"Social Sciences, General.",Bachelor's Degree,100,122,222
199157,North Carolina Central University,,5202,"Business Administration, Management and Operations.",Bachelor's Degree,102,106,208
199157,North Carolina Central University,,4201,"Psychology, General.",Bachelor's Degree,84,99,183
199157,North Carolina Central University,,1901,"Family and Consumer Sciences/Human Sciences, General.",Bachelor's Degree,65,59,124
199157,North Carolina Central University,,2601,"Biology, General.",Bachelor's Degree,48,61,109
199157,North Carolina Central University,,4407,Social Work.,Bachelor's Degree,51,47,98
199157,North Carolina Central University,,5138,"Registered Nursing, Nursing Administration, Nursing Research and Clinical Nursing.",Bachelor's Degree,60,38,98
199157,North Carolina Central University,,901,Communication and Media Studies.,Bachelor's Degree,45,52,97
199157,North Carolina Central University,,5122,Public Health.,Bachelor's Degree,41,40,81
199157,North Carolina Central University,,3105,"Sports, Kinesiology, and Physical Education/Fitness.",Bachelor's Degree,42,36,78
199157,North Carolina Central University,,4510,Political Science and Government.,Bachelor's Degree,39,33,72
199157,North Carolina Central University,,2401,"Liberal Arts and Sciences, General Studies and Humanities.",Bachelor's Degree,25,22,47
199157,North Carolina Central University,,1312,"Teacher Education and Professional Development, Specific Levels and Methods.",Bachelor's Degree,29,16,45
199157,North Carolina Central University,,1101,"Computer and Information Sciences, General.",Bachelor's Degree,20,18,38
199157,North Carolina Central University,,3103,"Parks, Recreation, and Leisure Facilities Management.",Bachelor's Degree,16,16,32
199157,North Carolina Central University,,5203,Accounting and Related Services.,Bachelor's Degree,20,11,31
199157,North Carolina Central University,,5007,Fine and Studio Arts.,Bachelor's Degree,12,14,26
199157,North Carolina Central University,,5209,Hospitality Administration/Management.,Bachelor's Degree,12,13,25
199157,North Carolina Central University,,301,Natural Resources Conservation and Research.,Bachelor's Degree,11,12,23
199157,North Carolina Central University,,5401,History.,Bachelor's Degree,12,10,22
199157,North Carolina Central University,,2301,"English Language and Literature, General.",Bachelor's Degree,13,7,20
199157,North Carolina Central University,,5001,"Visual and Performing Arts, General.",Bachelor's Degree,7,12,19
199157,North Carolina Central University,,5009,Music.,Bachelor's Degree,10,7,17
199157,North Carolina Central University,,4008,Physics.,Bachelor's Degree,7,4,11
199157,North Carolina Central University,,4005,Chemistry.,Bachelor's Degree,5,4,9
199157,North Carolina Central University,,2701,Mathematics.,Bachelor's Degree,4,3,7
199157,North Carolina Central University,,2609,"Physiology, Pathology and Related Sciences.",Bachelor's Degree,0,4,4
199157,North Carolina Central University,,5202,"Business Administration, Management and Operations.",Bachelor's Degree,841,918,1759
101912,Oakwood University,,2401,"Liberal Arts and Sciences, General Studies and Humanities.",Bachelor's Degree,32,25,57
101912,Oakwood University,,3906,Theological and Ministerial Studies.,Bachelor's Degree,11,13,24
101912,Oakwood University,,5139,"Practical Nursing, Vocational Nursing and Nursing Assistants.",Bachelor's Degree,11,11,22
101912,Oakwood University,,4201,"Psychology, General.",Bachelor's Degree,8,12,20
101912,Oakwood University,,4407,Social Work.,Bachelor's Degree,12,7,19
101912,Oakwood University,,2602,"Biochemistry, Biophysics and Molecular Biology.",Bachelor's Degree,10,6,16
101912,Oakwood University,,5100,"Health Services/Allied Health/Health Sciences, General.",Bachelor's Degree,7,9,16
101912,Oakwood University,,5202,"Business Administration, Management and Operations.",Bachelor's Degree,7,7,14
101912,Oakwood University,,901,Communication and Media Studies.,Bachelor's Degree,6,6,12
101912,Oakwood University,,5111,Health/Medical Preparatory Programs.,Bachelor's Degree,10,2,12
101912,Oakwood University,,5210,Human Resources Management and Services.,Bachelor's Degree,8,4,12
101912,Oakwood University,,5009,Music.,Bachelor's Degree,3,8,11
101912,Oakwood University,,1609,"Romance Languages, Literatures, and Linguistics.",Bachelor's Degree,4,6,10
101912,Oakwood University,,4510,Political Science and Government.,Bachelor's Degree,5,5,10
101912,Oakwood University,,1312,"Teacher Education and Professional Development, Specific Levels and Methods.",Bachelor's Degree,3,6,9
101912,Oakwood University,,3907,Pastoral Counseling and Specialized Ministries.,Bachelor's Degree,5,3,8
101912,Oakwood University,,5214,Marketing.,Bachelor's Degree,6,1,7
101912,Oakwood University,,904,Journalism.,Bachelor's Degree,4,2,6
101912,Oakwood University,,1107,Computer Science.,Bachelor's Degree,0,6,6
101912,Oakwood University,,5208,Finance and Financial Management Services.,Bachelor's Degree,6,0,6
101912,Oakwood University,,2703,Applied Mathematics.,Bachelor's Degree,4,1,5
101912,Oakwood University,,5109,"Allied Health Diagnostic, Intervention, and Treatment Professions.",Bachelor's Degree,1,4,5
101912,Oakwood University,,5131,Dietetics and Clinical Nutrition Services.,Bachelor's Degree,0,5,5
101912,Oakwood University,,5212,Management Information Systems and Services.,Bachelor's Degree,5,0,5
101912,Oakwood University,,1101,"Computer and Information Sciences, General.",Bachelor's Degree,2,2,4
101912,Oakwood University,,5203,Accounting and Related Services.,Bachelor's Degree,3,1,4
101912,Oakwood University,,1313,"Teacher Education and Professional Development, Specific Subject Areas.",Bachelor's Degree,1,2,3
101912,Oakwood University,,5001,"Visual and Performing Arts, General.",Bachelor's Degree,1,2,3
101912,Oakwood University,,909,"Public Relations, Advertising, and Applied Communication.",Bachelor's Degree,2,0,2
101912,Oakwood University,,1907,"Human Development, Family Studies, and Related Services.",Bachelor's Degree,2,0,2
101912,Oakwood University,,2301,"English Language and Literature, General.",Bachelor's Degree,2,0,2
101912,Oakwood University,,2701,Mathematics.,Bachelor's Degree,2,0,2
101912,Oakwood University,,4405,Public Policy Analysis.,Bachelor's Degree,1,1,2
101912,Oakwood University,,2313,Rhetoric and Composition/Writing Studies.,Bachelor's Degree,1,0,1
101912,Oakwood University,,3000,"Multi-/Interdisciplinary Studies, General.",Bachelor's Degree,0,1,1
101912,Oakwood University,,4005,Chemistry.,Bachelor's Degree,1,0,1
101912,Oakwood University,,5009,Music.,Bachelor's Degree,140,136,276
140720,Paine College,,4511,Sociology.,Bachelor's Degree,8,2,10
140720,Paine College,,4201,"Psychology, General.",Bachelor's Degree,5,3,8
140720,Paine College,,2601,"Biology, General.",Bachelor's Degree,6,1,7
140720,Paine College,,5401,History.,Bachelor's Degree,6,0,6
140720,Paine College,,901,Communication and Media Studies.,Bachelor's Degree,2,1,3
140720,Paine College,,2701,Mathematics.,Bachelor's Degree,2,0,2
140720,Paine College,,2301,"English Language and Literature, General.",Bachelor's Degree,NA,1,1
140720,Paine College,,5138,"Registered Nursing, Nursing Administration, Nursing Research and Clinical Nursing.",Bachelor's Degree,47,87,134
227429,Paul Quinn College,,5100,"Health Services/Allied Health/Health Sciences, General.",Bachelor's Degree,19,10,29
227429,Paul Quinn College,,2401,"Liberal Arts and Sciences, General Studies and Humanities.",Bachelor's Degree,13,12,25
227429,Paul Quinn College,,5207,Entrepreneurial and Small Business Operations.,Bachelor's Degree,8,8,16
227429,Paul Quinn College,,4201,"Psychology, General.",Bachelor's Degree,11,4,15
227429,Paul Quinn College,,2200,Non-Professional Legal Studies.,Bachelor's Degree,2,5,7
227429,Paul Quinn College,,901,Communication and Media Studies.,Bachelor's Degree,4,1,5
227429,Paul Quinn College,,4510,Political Science and Government.,Bachelor's Degree,2,2,4
227429,Paul Quinn College,,5203,Accounting and Related Services.,Bachelor's Degree,1,2,3
227429,Paul Quinn College,,3802,Religion/Religious Studies.,Bachelor's Degree,2,0,2
227429,Paul Quinn College,,1313,"Teacher Education and Professional Development, Specific Subject Areas.",Bachelor's Degree,1,0,1
227429,Paul Quinn College,,2701,Mathematics.,Bachelor's Degree,0,1,1
227429,Paul Quinn College,,5208,Finance and Financial Management Services.,Bachelor's Degree,NA,1,1
227429,Paul Quinn College,,302,Environmental/Natural Resources Management and Policy.,Bachelor's Degree,16,22,38
107600,Philander Smith University,,4201,"Psychology, General.",Bachelor's Degree,20,18,38
107600,Philander Smith University,,2601,"Biology, General.",Bachelor's Degree,17,20,37
107600,Philander Smith University,,4301,Criminal Justice and Corrections.,Bachelor's Degree,20,11,31
107600,Philander Smith University,,1312,"Teacher Education and Professional Development, Specific Levels and Methods.",Bachelor's Degree,15,8,23
107600,Philander Smith University,,3105,"Sports, Kinesiology, and Physical Education/Fitness.",Bachelor's Degree,13,8,21
107600,Philander Smith University,,1107,Computer Science.,Bachelor's Degree,8,11,19
107600,Philander Smith University,,4407,Social Work.,Bachelor's Degree,11,6,17
107600,Philander Smith University,,2301,"English Language and Literature, General.",Bachelor's Degree,4,4,8
107600,Philander Smith University,,2701,Mathematics.,Bachelor's Degree,3,5,8
107600,Philander Smith University,,4511,Sociology.,Bachelor's Degree,4,3,7
107600,Philander Smith University,,2401,"Liberal Arts and Sciences, General Studies and Humanities.",Bachelor's Degree,4,2,6
107600,Philander Smith University,,4510,Political Science and Government.,Bachelor's Degree,4,2,6
107600,Philander Smith University,,4005,Chemistry.,Bachelor's Degree,3,1,4
107600,Philander Smith University,,3800,"Philosophy and Religious Studies, General.",Bachelor's Degree,0,2,2
107600,Philander Smith University,,5138,"Registered Nursing, Nursing Administration, Nursing Research and Clinical Nursing.",Bachelor's Degree,60,72,132
227526,Prairie View A & M University,,4301,Criminal Justice and Corrections.,Bachelor's Degree,129,104,233
227526,Prairie View A & M University,,5138,"Registered Nursing, Nursing Administration, Nursing Research and Clinical Nursing.",Bachelor's Degree,107,119,226
227526,Prairie View A & M University,,4201,"Psychology, General.",Bachelor's Degree,121,94,215
227526,Prairie View A & M University,,5202,"Business Administration, Management and Operations.",Bachelor's Degree,100,105,205
227526,Prairie View A & M University,,5100,"Health Services/Allied Health/Health Sciences, General.",Bachelor's Degree,70,108,178
227526,Prairie View A & M University,,2601,"Biology, General.",Bachelor's Degree,65,91,156
227526,Prairie View A & M University,,1419,Mechanical Engineering.,Bachelor's Degree,67,52,119
227526,Prairie View A & M University,,901,Communication and Media Studies.,Bachelor's Degree,57,55,112
227526,Prairie View A & M University,,100,"Agriculture, General.",Bachelor's Degree,49,58,107
227526,Prairie View A & M University,,1407,Chemical Engineering.,Bachelor's Degree,50,35,85
227526,Prairie View A & M University,,4407,Social Work.,Bachelor's Degree,41,43,84
227526,Prairie View A & M University,,402,Architecture.,Bachelor's Degree,37,44,81
227526,Prairie View A & M University,,5214,Marketing.,Bachelor's Degree,38,41,79
227526,Prairie View A & M University,,1101,"Computer and Information Sciences, General.",Bachelor's Degree,30,41,71
227526,Prairie View A & M University,,3099,"Multi/Interdisciplinary Studies, Other.",Bachelor's Degree,46,6,52
227526,Prairie View A & M University,,1312,"Teacher Education and Professional Development, Specific Levels and Methods.",Bachelor's Degree,7,44,51
227526,Prairie View A & M University,,1905,"Foods, Nutrition, and Related Services.",Bachelor's Degree,25,25,50
227526,Prairie View A & M University,,5208,Finance and Financial Management Services.,Bachelor's Degree,26,24,50
227526,Prairie View A & M University,,2401,"Liberal Arts and Sciences, General Studies and Humanities.",Bachelor's Degree,18,30,48
227526,Prairie View A & M University,,5203,Accounting and Related Services.,Bachelor's Degree,23,24,47
227526,Prairie View A & M University,,1410,"Electrical, Electronics, and Communications Engineering.",Bachelor's Degree,25,16,41
227526,Prairie View A & M University,,1510,Construction Engineering Technology/Technician.,Bachelor's Degree,18,23,41
227526,Prairie View A & M University,,4510,Political Science and Government.,Bachelor's Degree,14,26,40
227526,Prairie View A & M University,,5212,Management Information Systems and Services.,Bachelor's Degree,18,15,33
227526,Prairie View A & M University,,4005,Chemistry.,Bachelor's Degree,10,19,29
227526,Prairie View A & M University,,5009,Music.,Bachelor's Degree,17,11,28
227526,Prairie View A & M University,,1409,Computer Engineering.,Bachelor's Degree,17,9,26
227526,Prairie View A & M University,,5004,Design and Applied Arts.,Bachelor's Degree,13,12,25
227526,Prairie View A & M University,,4511,Sociology.,Bachelor's Degree,10,13,23
227526,Prairie View A & M University,,1408,Civil Engineering.,Bachelor's Degree,10,12,22
227526,Prairie View A & M University,,2301,"English Language and Literature, General.",Bachelor's Degree,9,9,18
227526,Prairie View A & M University,,2701,Mathematics.,Bachelor's Degree,6,8,14
227526,Prairie View A & M University,,5401,History.,Bachelor's Degree,8,6,14
227526,Prairie View A & M University,,4008,Physics.,Bachelor's Degree,3,0,3
227526,Prairie View A & M University,,5004,Design and Applied Arts.,Bachelor's Degree,273,369,642
176318,Rust College,,904,Journalism.,Bachelor's Degree,30,14,44
176318,Rust College,,5202,"Business Administration, Management and Operations.",Bachelor's Degree,11,17,28
176318,Rust College,,1312,"Teacher Education and Professional Development, Specific Levels and Methods.",Bachelor's Degree,14,6,20
176318,Rust College,,4511,Sociology.,Bachelor's Degree,11,3,14
176318,Rust College,,1107,Computer Science.,Bachelor's Degree,9,3,12
176318,Rust College,,2701,Mathematics.,Bachelor's Degree,5,3,8
176318,Rust College,,4407,Social Work.,Bachelor's Degree,6,2,8
176318,Rust College,,4005,Chemistry.,Bachelor's Degree,3,2,5
176318,Rust College,,2399,"English Language and Literature/Letters, Other.",Bachelor's Degree,2,2,4
176318,Rust College,,1313,"Teacher Education and Professional Development, Specific Subject Areas.",Bachelor's Degree,2,1,3
176318,Rust College,,1907,"Human Development, Family Studies, and Related Services.",Bachelor's Degree,NA,3,3
176318,Rust College,,4501,"Social Sciences, General.",Bachelor's Degree,1,1,2
176318,Rust College,,4510,Political Science and Government.,Bachelor's Degree,1,1,2
176318,Rust College,,1304,Educational Administration and Supervision.,Bachelor's Degree,1,0,1
176318,Rust College,,4301,Criminal Justice and Corrections.,Bachelor's Degree,1,0,1
176318,Rust College,,5138,"Registered Nursing, Nursing Administration, Nursing Research and Clinical Nursing.",Bachelor's Degree,348,267,615
199582,Saint Augustine's University,,5202,"Business Administration, Management and Operations.",Bachelor's Degree,0,27,27
199582,Saint Augustine's University,,4301,Criminal Justice and Corrections.,Bachelor's Degree,12,13,25
199582,Saint Augustine's University,,4201,"Psychology, General.",Bachelor's Degree,8,8,16
199582,Saint Augustine's University,,2601,"Biology, General.",Bachelor's Degree,6,5,11
199582,Saint Augustine's University,,1101,"Computer and Information Sciences, General.",Bachelor's Degree,7,2,9
199582,Saint Augustine's University,,5122,Public Health.,Bachelor's Degree,0,9,9
199582,Saint Augustine's University,,901,Communication and Media Studies.,Bachelor's Degree,4,2,6
199582,Saint Augustine's University,,4511,Sociology.,Bachelor's Degree,0,6,6
199582,Saint Augustine's University,,3802,Religion/Religious Studies.,Bachelor's Degree,3,2,5
199582,Saint Augustine's University,,5006,Film/Video and Photographic Arts.,Bachelor's Degree,0,5,5
199582,Saint Augustine's University,,1401,"Engineering, General.",Bachelor's Degree,3,1,4
199582,Saint Augustine's University,,2301,"English Language and Literature, General.",Bachelor's Degree,2,1,3
199582,Saint Augustine's University,,5007,Fine and Studio Arts.,Bachelor's Degree,0,3,3
199582,Saint Augustine's University,,4510,Political Science and Government.,Bachelor's Degree,0,1,1
199582,Saint Augustine's University,,5005,Drama/Theatre Arts and Stagecraft.,Bachelor's Degree,0,1,1
199582,Saint Augustine's University,,5009,Music.,Bachelor's Degree,0,1,1
199582,Saint Augustine's University,,5203,Accounting and Related Services.,Bachelor's Degree,0,1,1
199582,Saint Augustine's University,,3801,Philosophy.,Bachelor's Degree,7,8,15
140960,Savannah State University,,2601,"Biology, General.",Bachelor's Degree,41,59,100
140960,Savannah State University,,904,Journalism.,Bachelor's Degree,33,30,63
140960,Savannah State University,,4301,Criminal Justice and Corrections.,Bachelor's Degree,34,29,63
140960,Savannah State University,,3000,"Multi-/Interdisciplinary Studies, General.",Bachelor's Degree,28,15,43
140960,Savannah State University,,1512,Computer Engineering Technologies/Technicians.,Bachelor's Degree,19,21,40
140960,Savannah State University,,5214,Marketing.,Bachelor's Degree,22,17,39
140960,Savannah State University,,5203,Accounting and Related Services.,Bachelor's Degree,18,14,32
140960,Savannah State University,,4399,"Homeland Security, Law Enforcement, Firefighting and Related Protective Services, Other.",Bachelor's Degree,14,17,31
140960,Savannah State University,,1104,Information Science/Studies.,Bachelor's Degree,9,18,27
140960,Savannah State University,,2613,"Ecology, Evolution, Systematics, and Population Biology.",Bachelor's Degree,9,18,27
140960,Savannah State University,,4407,Social Work.,Bachelor's Degree,9,17,26
140960,Savannah State University,,4227,Research and Experimental Psychology.,Bachelor's Degree,10,15,25
140960,Savannah State University,,4304,Security Science and Technology.,Bachelor's Degree,9,15,24
140960,Savannah State University,,4511,Sociology.,Bachelor's Degree,12,11,23
140960,Savannah State University,,1503,Electrical/Electronic Engineering Technologies/Technicians.,Bachelor's Degree,8,11,19
140960,Savannah State University,,4510,Political Science and Government.,Bachelor's Degree,11,8,19
140960,Savannah State University,,1312,"Teacher Education and Professional Development, Specific Levels and Methods.",Bachelor's Degree,8,10,18
140960,Savannah State University,,5001,"Visual and Performing Arts, General.",Bachelor's Degree,8,9,17
140960,Savannah State University,,1502,Civil Engineering Technologies/Technicians.,Bachelor's Degree,9,5,14
140960,Savannah State University,,5211,International Business.,Bachelor's Degree,4,7,11
140960,Savannah State University,,2301,"English Language and Literature, General.",Bachelor's Degree,2,6,8
140960,Savannah State University,,4005,Chemistry.,Bachelor's Degree,4,3,7
140960,Savannah State University,,5401,History.,Bachelor's Degree,5,1,6
140960,Savannah State University,,1313,"Teacher Education and Professional Development, Specific Subject Areas.",Bachelor's Degree,2,3,5
140960,Savannah State University,,2701,Mathematics.,Bachelor's Degree,3,2,5
140960,Savannah State University,,502,"Ethnic, Cultural Minority, Gender, and Group Studies.",Bachelor's Degree,3,1,4
140960,Savannah State University,,1508,Mechanical Engineering Related Technologies/Technicians.,Bachelor's Degree,1,2,3
140960,Savannah State University,,4006,Geological and Earth Sciences/Geosciences.,Bachelor's Degree,2,1,3
140960,Savannah State University,,5211,International Business.,Bachelor's Degree,3,2,5
102058,Selma University,,5202,"Business Administration, Management and Operations.",Bachelor's Degree,2,1,3
102058,Selma University,,5100,"Health Services/Allied Health/Health Sciences, General.",Bachelor's Degree,146,126,272
199643,Shaw University,,3105,"Sports, Kinesiology, and Physical Education/Fitness.",Bachelor's Degree,16,20,36
199643,Shaw University,,4301,Criminal Justice and Corrections.,Bachelor's Degree,20,16,36
199643,Shaw University,,4407,Social Work.,Bachelor's Degree,18,16,34
199643,Shaw University,,901,Communication and Media Studies.,Bachelor's Degree,8,21,29
199643,Shaw University,,4201,"Psychology, General.",Bachelor's Degree,13,14,27
199643,Shaw University,,3101,"Parks, Recreation, and Leisure Studies.",Bachelor's Degree,8,10,18
199643,Shaw University,,1312,"Teacher Education and Professional Development, Specific Levels and Methods.",Bachelor's Degree,12,3,15
199643,Shaw University,,4511,Sociology.,Bachelor's Degree,7,8,15
199643,Shaw University,,2601,"Biology, General.",Bachelor's Degree,8,5,13
199643,Shaw University,,3000,"Multi-/Interdisciplinary Studies, General.",Bachelor's Degree,4,9,13
199643,Shaw University,,4510,Political Science and Government.,Bachelor's Degree,3,7,10
199643,Shaw University,,1101,"Computer and Information Sciences, General.",Bachelor's Degree,6,3,9
199643,Shaw University,,1107,Computer Science.,Bachelor's Degree,2,6,8
199643,Shaw University,,5009,Music.,Bachelor's Degree,1,3,4
199643,Shaw University,,5203,Accounting and Related Services.,Bachelor's Degree,1,2,3
199643,Shaw University,,3899,"Philosophy and Religious Studies, Other.",Bachelor's Degree,2,NA,2
199643,Shaw University,,5102,Communication Disorders Sciences and Services.,Bachelor's Degree,2,NA,2
199643,Shaw University,,1399,"Education, Other.",Bachelor's Degree,NA,1,1
199643,Shaw University,,4005,Chemistry.,Bachelor's Degree,1,NA,1
199643,Shaw University,,5107,Health and Medical Administrative Services.,Bachelor's Degree,65,54,119
140988,Shorter University,,5138,"Registered Nursing, Nursing Administration, Nursing Research and Clinical Nursing.",Bachelor's Degree,19,28,47
140988,Shorter University,,3105,"Sports, Kinesiology, and Physical Education/Fitness.",Bachelor's Degree,21,21,42
140988,Shorter University,,1312,"Teacher Education and Professional Development, Specific Levels and Methods.",Bachelor's Degree,16,23,39
140988,Shorter University,,3000,"Multi-/Interdisciplinary Studies, General.",Bachelor's Degree,24,14,38
140988,Shorter University,,1313,"Teacher Education and Professional Development, Specific Subject Areas.",Bachelor's Degree,11,15,26
140988,Shorter University,,4400,"Human Services, General.",Bachelor's Degree,15,10,25
140988,Shorter University,,4201,"Psychology, General.",Bachelor's Degree,11,13,24
140988,Shorter University,,4301,Criminal Justice and Corrections.,Bachelor's Degree,10,12,22
140988,Shorter University,,2601,"Biology, General.",Bachelor's Degree,11,8,19
140988,Shorter University,,901,Communication and Media Studies.,Bachelor's Degree,10,3,13
140988,Shorter University,,3802,Religion/Religious Studies.,Bachelor's Degree,4,8,12
140988,Shorter University,,5009,Music.,Bachelor's Degree,4,8,12
140988,Shorter University,,5203,Accounting and Related Services.,Bachelor's Degree,5,7,12
140988,Shorter University,,1101,"Computer and Information Sciences, General.",Bachelor's Degree,3,6,9
140988,Shorter University,,2602,"Biochemistry, Biophysics and Molecular Biology.",Bachelor's Degree,6,3,9
140988,Shorter University,,1310,Special Education and Teaching.,Bachelor's Degree,5,3,8
140988,Shorter University,,5214,Marketing.,Bachelor's Degree,5,3,8
140988,Shorter University,,2301,"English Language and Literature, General.",Bachelor's Degree,2,3,5
140988,Shorter University,,2401,"Liberal Arts and Sciences, General Studies and Humanities.",Bachelor's Degree,4,1,5
140988,Shorter University,,3018,Natural Sciences.,Bachelor's Degree,1,4,5
140988,Shorter University,,4005,Chemistry.,Bachelor's Degree,2,3,5
140988,Shorter University,,5401,History.,Bachelor's Degree,3,2,5
140988,Shorter University,,5005,Drama/Theatre Arts and Stagecraft.,Bachelor's Degree,1,3,4
140988,Shorter University,,2701,Mathematics.,Bachelor's Degree,1,2,3
140988,Shorter University,,3905,Religious Music and Worship.,Bachelor's Degree,1,1,2
140988,Shorter University,,4510,Political Science and Government.,Bachelor's Degree,2,0,2
140988,Shorter University,,5214,Marketing.,Bachelor's Degree,87,79,166
461759,Simmons College of Kentucky,,5009,Music.,Bachelor's Degree,2,3,5
461759,Simmons College of Kentucky,,4511,Sociology.,Bachelor's Degree,4,0,4
461759,Simmons College of Kentucky,,5207,Entrepreneurial and Small Business Operations.,Bachelor's Degree,NA,4,4
461759,Simmons College of Kentucky,,3902,Bible/Biblical Studies.,Bachelor's Degree,NA,3,3
461759,Simmons College of Kentucky,,4599,"Social Sciences, Other.",Bachelor's Degree,NA,3,3
461759,Simmons College of Kentucky,,909,"Public Relations, Advertising, and Applied Communication.",Bachelor's Degree,2,0,2
461759,Simmons College of Kentucky,,3802,Religion/Religious Studies.,Bachelor's Degree,2,0,2
461759,Simmons College of Kentucky,,5138,"Registered Nursing, Nursing Administration, Nursing Research and Clinical Nursing.",Bachelor's Degree,164,143,307
218733,South Carolina State University,,1901,"Family and Consumer Sciences/Human Sciences, General.",Bachelor's Degree,31,28,59
218733,South Carolina State University,,4301,Criminal Justice and Corrections.,Bachelor's Degree,24,20,44
218733,South Carolina State University,,5202,"Business Administration, Management and Operations.",Bachelor's Degree,21,22,43
218733,South Carolina State University,,4201,"Psychology, General.",Bachelor's Degree,20,11,31
218733,South Carolina State University,,1313,"Teacher Education and Professional Development, Specific Subject Areas.",Bachelor's Degree,18,9,27
218733,South Carolina State University,,901,Communication and Media Studies.,Bachelor's Degree,18,8,26
218733,South Carolina State University,,4407,Social Work.,Bachelor's Degree,13,11,24
218733,South Carolina State University,,5102,Communication Disorders Sciences and Services.,Bachelor's Degree,14,10,24
218733,South Carolina State University,,5203,Accounting and Related Services.,Bachelor's Degree,15,6,21
218733,South Carolina State University,,1101,"Computer and Information Sciences, General.",Bachelor's Degree,8,11,19
218733,South Carolina State University,,1508,Mechanical Engineering Related Technologies/Technicians.,Bachelor's Degree,14,4,18
218733,South Carolina State University,,5214,Marketing.,Bachelor's Degree,12,5,17
218733,South Carolina State University,,1423,Nuclear Engineering.,Bachelor's Degree,11,3,14
218733,South Carolina State University,,4510,Political Science and Government.,Bachelor's Degree,10,4,14
218733,South Carolina State University,,1312,"Teacher Education and Professional Development, Specific Levels and Methods.",Bachelor's Degree,4,8,12
218733,South Carolina State University,,2301,"English Language and Literature, General.",Bachelor's Degree,3,7,10
218733,South Carolina State University,,5010,"Arts, Entertainment, and Media Management.",Bachelor's Degree,3,7,10
218733,South Carolina State University,,1503,Electrical/Electronic Engineering Technologies/Technicians.,Bachelor's Degree,5,4,9
218733,South Carolina State University,,3105,"Sports, Kinesiology, and Physical Education/Fitness.",Bachelor's Degree,5,3,8
218733,South Carolina State University,,1905,"Foods, Nutrition, and Related Services.",Bachelor's Degree,5,2,7
218733,South Carolina State University,,1502,Civil Engineering Technologies/Technicians.,Bachelor's Degree,2,4,6
218733,South Carolina State University,,5005,Drama/Theatre Arts and Stagecraft.,Bachelor's Degree,5,1,6
218733,South Carolina State University,,5007,Fine and Studio Arts.,Bachelor's Degree,2,4,6
218733,South Carolina State University,,101,Agricultural Business and Management.,Bachelor's Degree,3,2,5
218733,South Carolina State University,,4005,Chemistry.,Bachelor's Degree,4,1,5
218733,South Carolina State University,,4511,Sociology.,Bachelor's Degree,1,4,5
218733,South Carolina State University,,5401,History.,Bachelor's Degree,1,4,5
218733,South Carolina State University,,5206,Business/Managerial Economics.,Bachelor's Degree,1,3,4
218733,South Carolina State University,,1435,Industrial Engineering.,Bachelor's Degree,2,1,3
218733,South Carolina State University,,1408,Civil Engineering.,Bachelor's Degree,1,1,2
218733,South Carolina State University,,2701,Mathematics.,Bachelor's Degree,1,1,2
218733,South Carolina State University,,1310,Special Education and Teaching.,Bachelor's Degree,0,1,1
218733,South Carolina State University,,1506,Industrial Production Technologies/Technicians.,Bachelor's Degree,1,0,1
218733,South Carolina State University,,4008,Physics.,Bachelor's Degree,1,0,1
218733,South Carolina State University,,5138,"Registered Nursing, Nursing Administration, Nursing Research and Clinical Nursing.",Bachelor's Degree,275,237,512
160621,Southern University and A & M College,,4301,Criminal Justice and Corrections.,Bachelor's Degree,73,75,148
160621,Southern University and A & M College,,5202,"Business Administration, Management and Operations.",Bachelor's Degree,46,30,76
160621,Southern University and A & M College,,5123,Rehabilitation and Therapeutic Professions.,Bachelor's Degree,35,40,75
160621,Southern University and A & M College,,4201,"Psychology, General.",Bachelor's Degree,30,37,67
160621,Southern University and A & M College,,901,Communication and Media Studies.,Bachelor's Degree,21,42,63
160621,Southern University and A & M College,,3099,"Multi/Interdisciplinary Studies, Other.",Bachelor's Degree,16,40,56
160621,Southern University and A & M College,,100,"Agriculture, General.",Bachelor's Degree,22,28,50
160621,Southern University and A & M College,,4407,Social Work.,Bachelor's Degree,31,18,49
160621,Southern University and A & M College,,1419,Mechanical Engineering.,Bachelor's Degree,26,19,45
160621,Southern University and A & M College,,2601,"Biology, General.",Bachelor's Degree,24,19,43
160621,Southern University and A & M College,,1107,Computer Science.,Bachelor's Degree,26,16,42
160621,Southern University and A & M College,,4511,Sociology.,Bachelor's Degree,22,16,38
160621,Southern University and A & M College,,4510,Political Science and Government.,Bachelor's Degree,20,16,36
160621,Southern University and A & M College,,1901,"Family and Consumer Sciences/Human Sciences, General.",Bachelor's Degree,18,14,32
160621,Southern University and A & M College,,5208,Finance and Financial Management Services.,Bachelor's Degree,16,14,30
160621,Southern University and A & M College,,5203,Accounting and Related Services.,Bachelor's Degree,17,12,29
160621,Southern University and A & M College,,5214,Marketing.,Bachelor's Degree,12,15,27
160621,Southern University and A & M College,,1408,Civil Engineering.,Bachelor's Degree,12,12,24
160621,Southern University and A & M College,,1410,"Electrical, Electronics, and Communications Engineering.",Bachelor's Degree,11,13,24
160621,Southern University and A & M College,,5102,Communication Disorders Sciences and Services.,Bachelor's Degree,9,6,15
160621,Southern University and A & M College,,5009,Music.,Bachelor's Degree,5,9,14
160621,Southern University and A & M College,,1312,"Teacher Education and Professional Development, Specific Levels and Methods.",Bachelor's Degree,6,7,13
160621,Southern University and A & M College,,2301,"English Language and Literature, General.",Bachelor's Degree,5,7,12
160621,Southern University and A & M College,,305,Forestry.,Bachelor's Degree,6,5,11
160621,Southern University and A & M College,,4005,Chemistry.,Bachelor's Degree,7,4,11
160621,Southern University and A & M College,,5401,History.,Bachelor's Degree,4,5,9
160621,Southern University and A & M College,,2701,Mathematics.,Bachelor's Degree,2,5,7
160621,Southern University and A & M College,,1503,Electrical/Electronic Engineering Technologies/Technicians.,Bachelor's Degree,4,0,4
160621,Southern University and A & M College,,5202,"Business Administration, Management and Operations.",Bachelor's Degree,34,41,75
160630,Southern University at New Orleans,,4201,"Psychology, General.",Bachelor's Degree,26,41,67
160630,Southern University at New Orleans,,4301,Criminal Justice and Corrections.,Bachelor's Degree,38,23,61
160630,Southern University at New Orleans,,2401,"Liberal Arts and Sciences, General Studies and Humanities.",Bachelor's Degree,28,22,50
160630,Southern University at New Orleans,,4407,Social Work.,Bachelor's Degree,27,23,50
160630,Southern University at New Orleans,,2601,"Biology, General.",Bachelor's Degree,18,17,35
160630,Southern University at New Orleans,,1907,"Human Development, Family Studies, and Related Services.",Bachelor's Degree,18,14,32
160630,Southern University at New Orleans,,1301,"Education, General.",Bachelor's Degree,27,2,29
160630,Southern University at New Orleans,,5107,Health and Medical Administrative Services.,Bachelor's Degree,8,10,18
160630,Southern University at New Orleans,,1104,Information Science/Studies.,Bachelor's Degree,5,9,14
160630,Southern University at New Orleans,,4304,Security Science and Technology.,Bachelor's Degree,9,4,13
160630,Southern University at New Orleans,,2701,Mathematics.,Bachelor's Degree,5,7,12
160630,Southern University at New Orleans,,2301,"English Language and Literature, General.",Bachelor's Degree,3,5,8
160630,Southern University at New Orleans,,5115,Mental and Social Health Services and Allied Professions.,Bachelor's Degree,6,2,8
160630,Southern University at New Orleans,,4404,Public Administration.,Bachelor's Degree,1,3,4
160630,Southern University at New Orleans,,1312,"Teacher Education and Professional Development, Specific Levels and Methods.",Bachelor's Degree,1,NA,1
160630,Southern University at New Orleans,,5138,"Registered Nursing, Nursing Administration, Nursing Research and Clinical Nursing.",Bachelor's Degree,18,15,33
440916,Southern University Law Center,,4301,Criminal Justice and Corrections.,Bachelor's Degree,14,14,28
440916,Southern University Law Center,,5202,"Business Administration, Management and Operations.",Bachelor's Degree,9,5,14
440916,Southern University Law Center,,5123,Rehabilitation and Therapeutic Professions.,Bachelor's Degree,6,7,13
440916,Southern University Law Center,,901,Communication and Media Studies.,Bachelor's Degree,3,8,11
440916,Southern University Law Center,,4201,"Psychology, General.",Bachelor's Degree,5,6,11
440916,Southern University Law Center,,3099,"Multi/Interdisciplinary Studies, Other.",Bachelor's Degree,3,7,10
440916,Southern University Law Center,,4407,Social Work.,Bachelor's Degree,5,3,8
440916,Southern University Law Center,,100,"Agriculture, General.",Bachelor's Degree,3,4,7
440916,Southern University Law Center,,1419,Mechanical Engineering.,Bachelor's Degree,4,3,7
440916,Southern University Law Center,,4511,Sociology.,Bachelor's Degree,4,3,7
440916,Southern University Law Center,,1107,Computer Science.,Bachelor's Degree,4,2,6
440916,Southern University Law Center,,2601,"Biology, General.",Bachelor's Degree,4,2,6
440916,Southern University Law Center,,4510,Political Science and Government.,Bachelor's Degree,3,3,6
440916,Southern University Law Center,,5208,Finance and Financial Management Services.,Bachelor's Degree,3,2,5
440916,Southern University Law Center,,1901,"Family and Consumer Sciences/Human Sciences, General.",Bachelor's Degree,3,1,4
440916,Southern University Law Center,,5203,Accounting and Related Services.,Bachelor's Degree,3,1,4
440916,Southern University Law Center,,5214,Marketing.,Bachelor's Degree,2,2,4
440916,Southern University Law Center,,1410,"Electrical, Electronics, and Communications Engineering.",Bachelor's Degree,1,2,3
440916,Southern University Law Center,,1312,"Teacher Education and Professional Development, Specific Levels and Methods.",Bachelor's Degree,1,1,2
440916,Southern University Law Center,,1408,Civil Engineering.,Bachelor's Degree,1,1,2
440916,Southern University Law Center,,5102,Communication Disorders Sciences and Services.,Bachelor's Degree,1,1,2
440916,Southern University Law Center,,2301,"English Language and Literature, General.",Bachelor's Degree,0,1,1
440916,Southern University Law Center,,5009,Music.,Bachelor's Degree,0,1,1
440916,Southern University Law Center,,2401,"Liberal Arts and Sciences, General Studies and Humanities.",Bachelor's Degree,110,154,264
141060,Spelman College,,2601,"Biology, General.",Bachelor's Degree,69,34,103
141060,Spelman College,,4510,Political Science and Government.,Bachelor's Degree,50,53,103
141060,Spelman College,,5100,"Health Services/Allied Health/Health Sciences, General.",Bachelor's Degree,44,39,83
141060,Spelman College,,4506,Economics.,Bachelor's Degree,42,34,76
141060,Spelman College,,2301,"English Language and Literature, General.",Bachelor's Degree,35,25,60
141060,Spelman College,,3020,International/Globalization Studies.,Bachelor's Degree,22,25,47
141060,Spelman College,,4511,Sociology.,Bachelor's Degree,19,18,37
141060,Spelman College,,502,"Ethnic, Cultural Minority, Gender, and Group Studies.",Bachelor's Degree,22,13,35
141060,Spelman College,,1101,"Computer and Information Sciences, General.",Bachelor's Degree,19,16,35
141060,Spelman College,,1312,"Teacher Education and Professional Development, Specific Levels and Methods.",Bachelor's Degree,9,16,25
141060,Spelman College,,2701,Mathematics.,Bachelor's Degree,10,11,21
141060,Spelman College,,4005,Chemistry.,Bachelor's Degree,10,10,20
141060,Spelman College,,2602,"Biochemistry, Biophysics and Molecular Biology.",Bachelor's Degree,6,11,17
141060,Spelman College,,5006,Film/Video and Photographic Arts.,Bachelor's Degree,9,7,16
141060,Spelman College,,5005,Drama/Theatre Arts and Stagecraft.,Bachelor's Degree,4,10,14
141060,Spelman College,,5007,Fine and Studio Arts.,Bachelor's Degree,5,7,12
141060,Spelman College,,5401,History.,Bachelor's Degree,7,3,10
141060,Spelman College,,4513,Sociology and Anthropology.,Bachelor's Degree,6,3,9
141060,Spelman College,,1609,"Romance Languages, Literatures, and Linguistics.",Bachelor's Degree,4,4,8
141060,Spelman College,,5003,Dance.,Bachelor's Degree,5,3,8
141060,Spelman College,,3801,Philosophy.,Bachelor's Degree,4,3,7
141060,Spelman College,,301,Natural Resources Conservation and Research.,Bachelor's Degree,4,2,6
141060,Spelman College,,4008,Physics.,Bachelor's Degree,5,1,6
141060,Spelman College,,5009,Music.,Bachelor's Degree,1,5,6
141060,Spelman College,,3099,"Multi/Interdisciplinary Studies, Other.",Bachelor's Degree,1,2,3
141060,Spelman College,,1401,"Engineering, General.",Bachelor's Degree,0,1,1
141060,Spelman College,,3802,Religion/Religious Studies.,Bachelor's Degree,1,0,1
141060,Spelman College,,4400,"Human Services, General.",Bachelor's Degree,0,1,1
141060,Spelman College,,5108,Allied Health and Medical Assisting Services.,Bachelor's Degree,11,19,30
102270,Stillman College,,1313,"Teacher Education and Professional Development, Specific Subject Areas.",Bachelor's Degree,17,12,29
102270,Stillman College,,2601,"Biology, General.",Bachelor's Degree,10,13,23
102270,Stillman College,,4201,"Psychology, General.",Bachelor's Degree,11,12,23
102270,Stillman College,,2401,"Liberal Arts and Sciences, General Studies and Humanities.",Bachelor's Degree,9,7,16
102270,Stillman College,,4301,Criminal Justice and Corrections.,Bachelor's Degree,6,10,16
102270,Stillman College,,1310,Special Education and Teaching.,Bachelor's Degree,5,3,8
102270,Stillman College,,904,Journalism.,Bachelor's Degree,1,6,7
102270,Stillman College,,2301,"English Language and Literature, General.",Bachelor's Degree,3,4,7
102270,Stillman College,,2701,Mathematics.,Bachelor's Degree,4,0,4
102270,Stillman College,,1312,"Teacher Education and Professional Development, Specific Levels and Methods.",Bachelor's Degree,2,0,2
102270,Stillman College,,5007,Fine and Studio Arts.,Bachelor's Degree,2,0,2
102270,Stillman College,,5009,Music.,Bachelor's Degree,0,2,2
102270,Stillman College,,5401,History.,Bachelor's Degree,2,0,2
102270,Stillman College,,3802,Religion/Religious Studies.,Bachelor's Degree,0,1,1
102270,Stillman College,,3906,Theological and Ministerial Studies.,Bachelor's Degree,0,1,1
102270,Stillman College,,5202,"Business Administration, Management and Operations.",Bachelor's Degree,385,355,740
102298,Talladega College,,4201,"Psychology, General.",Bachelor's Degree,28,23,51
102298,Talladega College,,4511,Sociology.,Bachelor's Degree,16,10,26
102298,Talladega College,,2401,"Liberal Arts and Sciences, General Studies and Humanities.",Bachelor's Degree,NA,21,21
102298,Talladega College,,2601,"Biology, General.",Bachelor's Degree,12,9,21
102298,Talladega College,,4301,Criminal Justice and Corrections.,Bachelor's Degree,16,0,16
102298,Talladega College,,901,Communication and Media Studies.,Bachelor's Degree,8,7,15
102298,Talladega College,,1101,"Computer and Information Sciences, General.",Bachelor's Degree,2,7,9
102298,Talladega College,,4407,Social Work.,Bachelor's Degree,4,5,9
102298,Talladega College,,1107,Computer Science.,Bachelor's Degree,6,0,6
102298,Talladega College,,1312,"Teacher Education and Professional Development, Specific Levels and Methods.",Bachelor's Degree,NA,6,6
102298,Talladega College,,5009,Music.,Bachelor's Degree,2,4,6
102298,Talladega College,,4005,Chemistry.,Bachelor's Degree,3,2,5
102298,Talladega College,,2301,"English Language and Literature, General.",Bachelor's Degree,1,2,3
102298,Talladega College,,2701,Mathematics.,Bachelor's Degree,1,1,2
102298,Talladega College,,5007,Fine and Studio Arts.,Bachelor's Degree,1,1,2
102298,Talladega College,,1313,"Teacher Education and Professional Development, Specific Subject Areas.",Bachelor's Degree,1,0,1
102298,Talladega College,,4404,Public Administration.,Bachelor's Degree,0,1,1
102298,Talladega College,,5138,"Registered Nursing, Nursing Administration, Nursing Research and Clinical Nursing.",Bachelor's Degree,24,32,56
221838,Tennessee State University,,4201,"Psychology, General.",Bachelor's Degree,65,42,107
221838,Tennessee State University,,2601,"Biology, General.",Bachelor's Degree,60,35,95
221838,Tennessee State University,,901,Communication and Media Studies.,Bachelor's Degree,43,51,94
221838,Tennessee State University,,5199,"Health Professions and Related Clinical Sciences, Other.",Bachelor's Degree,47,42,89
221838,Tennessee State University,,4301,Criminal Justice and Corrections.,Bachelor's Degree,44,42,86
221838,Tennessee State University,,1312,"Teacher Education and Professional Development, Specific Levels and Methods.",Bachelor's Degree,40,45,85
221838,Tennessee State University,,3105,"Sports, Kinesiology, and Physical Education/Fitness.",Bachelor's Degree,39,26,65
221838,Tennessee State University,,5107,Health and Medical Administrative Services.,Bachelor's Degree,36,26,62
221838,Tennessee State University,,5122,Public Health.,Bachelor's Degree,23,37,60
221838,Tennessee State University,,1107,Computer Science.,Bachelor's Degree,27,28,55
221838,Tennessee State University,,5109,"Allied Health Diagnostic, Intervention, and Treatment Professions.",Bachelor's Degree,24,26,50
221838,Tennessee State University,,2401,"Liberal Arts and Sciences, General Studies and Humanities.",Bachelor's Degree,19,23,42
221838,Tennessee State University,,1904,Family and Consumer Economics and Related Studies.,Bachelor's Degree,21,17,38
221838,Tennessee State University,,4407,Social Work.,Bachelor's Degree,17,18,35
221838,Tennessee State University,,100,"Agriculture, General.",Bachelor's Degree,22,12,34
221838,Tennessee State University,,4510,Political Science and Government.,Bachelor's Degree,20,14,34
221838,Tennessee State University,,5203,Accounting and Related Services.,Bachelor's Degree,14,18,32
221838,Tennessee State University,,1410,"Electrical, Electronics, and Communications Engineering.",Bachelor's Degree,17,13,30
221838,Tennessee State University,,1419,Mechanical Engineering.,Bachelor's Degree,16,13,29
221838,Tennessee State University,,1404,Architectural Engineering.,Bachelor's Degree,13,11,24
221838,Tennessee State University,,1408,Civil Engineering.,Bachelor's Degree,11,13,24
221838,Tennessee State University,,2301,"English Language and Literature, General.",Bachelor's Degree,9,13,22
221838,Tennessee State University,,4005,Chemistry.,Bachelor's Degree,9,13,22
221838,Tennessee State University,,5206,Business/Managerial Economics.,Bachelor's Degree,10,12,22
221838,Tennessee State University,,1508,Mechanical Engineering Related Technologies/Technicians.,Bachelor's Degree,13,6,19
221838,Tennessee State University,,4511,Sociology.,Bachelor's Degree,10,9,19
221838,Tennessee State University,,4512,Urban Studies/Affairs.,Bachelor's Degree,10,8,18
221838,Tennessee State University,,5007,Fine and Studio Arts.,Bachelor's Degree,5,11,16
221838,Tennessee State University,,5009,Music.,Bachelor's Degree,7,6,13
221838,Tennessee State University,,5138,"Registered Nursing, Nursing Administration, Nursing Research and Clinical Nursing.",Bachelor's Degree,4,6,10
221838,Tennessee State University,,2701,Mathematics.,Bachelor's Degree,2,3,5
221838,Tennessee State University,,5401,History.,Bachelor's Degree,3,2,5
221838,Tennessee State University,,5106,Dental Support Services and Allied Professions.,Bachelor's Degree,1,0,1
221838,Tennessee State University,,1312,"Teacher Education and Professional Development, Specific Levels and Methods.",Bachelor's Degree,203,193,396
228884,Texas College,,2401,"Liberal Arts and Sciences, General Studies and Humanities.",Bachelor's Degree,15,21,36
228884,Texas College,,4301,Criminal Justice and Corrections.,Bachelor's Degree,17,17,34
228884,Texas College,,2601,"Biology, General.",Bachelor's Degree,15,15,30
228884,Texas College,,4407,Social Work.,Bachelor's Degree,12,4,16
228884,Texas College,,4511,Sociology.,Bachelor's Degree,4,5,9
228884,Texas College,,1107,Computer Science.,Bachelor's Degree,2,2,4
228884,Texas College,,1313,"Teacher Education and Professional Development, Specific Subject Areas.",Bachelor's Degree,1,3,4
228884,Texas College,,2701,Mathematics.,Bachelor's Degree,2,1,3
228884,Texas College,,3802,Religion/Religious Studies.,Bachelor's Degree,1,0,1
228884,Texas College,,5009,Music.,Bachelor's Degree,0,1,1
228884,Texas College,,5133,Alternative and Complementary Medicine and Medical Systems.,Bachelor's Degree,7,15,22
229063,Texas Southern University,,5202,"Business Administration, Management and Operations.",Bachelor's Degree,77,66,143
229063,Texas Southern University,,2401,"Liberal Arts and Sciences, General Studies and Humanities.",Bachelor's Degree,75,61,136
229063,Texas Southern University,,4301,Criminal Justice and Corrections.,Bachelor's Degree,62,68,130
229063,Texas Southern University,,4201,"Psychology, General.",Bachelor's Degree,59,55,114
229063,Texas Southern University,,5107,Health and Medical Administrative Services.,Bachelor's Degree,53,45,98
229063,Texas Southern University,,907,"Radio, Television, and Digital Communication.",Bachelor's Degree,46,37,83
229063,Texas Southern University,,3105,"Sports, Kinesiology, and Physical Education/Fitness.",Bachelor's Degree,33,41,74
229063,Texas Southern University,,4407,Social Work.,Bachelor's Degree,35,32,67
229063,Texas Southern University,,5100,"Health Services/Allied Health/Health Sciences, General.",Bachelor's Degree,38,27,65
229063,Texas Southern University,,4510,Political Science and Government.,Bachelor's Degree,29,30,59
229063,Texas Southern University,,5214,Marketing.,Bachelor's Degree,26,31,57
229063,Texas Southern University,,5203,Accounting and Related Services.,Bachelor's Degree,29,25,54
229063,Texas Southern University,,3099,"Multi/Interdisciplinary Studies, Other.",Bachelor's Degree,19,33,52
229063,Texas Southern University,,5208,Finance and Financial Management Services.,Bachelor's Degree,33,19,52
229063,Texas Southern University,,1408,Civil Engineering.,Bachelor's Degree,16,26,42
229063,Texas Southern University,,904,Journalism.,Bachelor's Degree,21,20,41
229063,Texas Southern University,,1410,"Electrical, Electronics, and Communications Engineering.",Bachelor's Degree,21,17,38
229063,Texas Southern University,,1101,"Computer and Information Sciences, General.",Bachelor's Degree,17,20,37
229063,Texas Southern University,,901,Communication and Media Studies.,Bachelor's Degree,15,15,30
229063,Texas Southern University,,4901,Air Transportation.,Bachelor's Degree,11,15,26
229063,Texas Southern University,,5212,Management Information Systems and Services.,Bachelor's Degree,10,13,23
229063,Texas Southern University,,1901,"Family and Consumer Sciences/Human Sciences, General.",Bachelor's Degree,8,14,22
229063,Texas Southern University,,5401,History.,Bachelor's Degree,11,10,21
229063,Texas Southern University,,4005,Chemistry.,Bachelor's Degree,15,5,20
229063,Texas Southern University,,1512,Computer Engineering Technologies/Technicians.,Bachelor's Degree,9,10,19
229063,Texas Southern University,,5009,Music.,Bachelor's Degree,11,8,19
229063,Texas Southern University,,4511,Sociology.,Bachelor's Degree,7,9,16
229063,Texas Southern University,,1506,Industrial Production Technologies/Technicians.,Bachelor's Degree,9,6,15
229063,Texas Southern University,,5109,"Allied Health Diagnostic, Intervention, and Treatment Professions.",Bachelor's Degree,8,6,14
229063,Texas Southern University,,2301,"English Language and Literature, General.",Bachelor's Degree,6,7,13
229063,Texas Southern University,,2701,Mathematics.,Bachelor's Degree,6,7,13
229063,Texas Southern University,,5110,Clinical/Medical Laboratory Science/Research and Allied Professions.,Bachelor's Degree,6,7,13
229063,Texas Southern University,,4404,Public Administration.,Bachelor's Degree,6,5,11
229063,Texas Southern University,,5005,Drama/Theatre Arts and Stagecraft.,Bachelor's Degree,6,5,11
229063,Texas Southern University,,5007,Fine and Studio Arts.,Bachelor's Degree,7,3,10
229063,Texas Southern University,,5131,Dietetics and Clinical Nutrition Services.,Bachelor's Degree,2,5,7
229063,Texas Southern University,,1503,Electrical/Electronic Engineering Technologies/Technicians.,Bachelor's Degree,4,2,6
229063,Texas Southern University,,5122,Public Health.,Bachelor's Degree,2,3,5
229063,Texas Southern University,,4008,Physics.,Bachelor's Degree,0,4,4
229063,Texas Southern University,,4303,Homeland Security.,Bachelor's Degree,2,2,4
229063,Texas Southern University,,1502,Civil Engineering Technologies/Technicians.,Bachelor's Degree,1,2,3
229063,Texas Southern University,,1301,"Education, General.",Bachelor's Degree,NA,1,1
229063,Texas Southern University,,4400,"Human Services, General.",Bachelor's Degree,NA,1,1
229063,Texas Southern University,,4201,"Psychology, General.",Bachelor's Degree,523,508,1031
176406,Tougaloo College,,4201,"Psychology, General.",Bachelor's Degree,23,8,31
176406,Tougaloo College,,3105,"Sports, Kinesiology, and Physical Education/Fitness.",Bachelor's Degree,11,10,21
176406,Tougaloo College,,4511,Sociology.,Bachelor's Degree,6,13,19
176406,Tougaloo College,,4506,Economics.,Bachelor's Degree,12,5,17
176406,Tougaloo College,,1312,"Teacher Education and Professional Development, Specific Levels and Methods.",Bachelor's Degree,10,6,16
176406,Tougaloo College,,4510,Political Science and Government.,Bachelor's Degree,9,6,15
176406,Tougaloo College,,2301,"English Language and Literature, General.",Bachelor's Degree,7,0,7
176406,Tougaloo College,,5401,History.,Bachelor's Degree,3,4,7
176406,Tougaloo College,,1107,Computer Science.,Bachelor's Degree,3,3,6
176406,Tougaloo College,,5009,Music.,Bachelor's Degree,2,4,6
176406,Tougaloo College,,4005,Chemistry.,Bachelor's Degree,3,2,5
176406,Tougaloo College,,901,Communication and Media Studies.,Bachelor's Degree,1,3,4
176406,Tougaloo College,,2701,Mathematics.,Bachelor's Degree,2,2,4
176406,Tougaloo College,,1313,"Teacher Education and Professional Development, Specific Subject Areas.",Bachelor's Degree,NA,3,3
176406,Tougaloo College,,1907,"Human Development, Family Studies, and Related Services.",Bachelor's Degree,2,0,2
176406,Tougaloo College,,5007,Fine and Studio Arts.,Bachelor's Degree,1,0,1
176406,Tougaloo College,,4201,"Psychology, General.",Bachelor's Degree,302,273,575
102377,Tuskegee University,,5138,"Registered Nursing, Nursing Administration, Nursing Research and Clinical Nursing.",Bachelor's Degree,62,40,102
102377,Tuskegee University,,2601,"Biology, General.",Bachelor's Degree,37,43,80
102377,Tuskegee University,,1419,Mechanical Engineering.,Bachelor's Degree,40,25,65
102377,Tuskegee University,,5202,"Business Administration, Management and Operations.",Bachelor's Degree,23,31,54
102377,Tuskegee University,,5100,"Health Services/Allied Health/Health Sciences, General.",Bachelor's Degree,20,23,43
102377,Tuskegee University,,4201,"Psychology, General.",Bachelor's Degree,18,20,38
102377,Tuskegee University,,4604,"Building/Construction Finishing, Management, and Inspection.",Bachelor's Degree,16,12,28
102377,Tuskegee University,,1407,Chemical Engineering.,Bachelor's Degree,11,14,25
102377,Tuskegee University,,1402,"Aerospace, Aeronautical, and Astronautical/Space Engineering.",Bachelor's Degree,8,14,22
102377,Tuskegee University,,901,Communication and Media Studies.,Bachelor's Degree,7,14,21
102377,Tuskegee University,,1410,"Electrical, Electronics, and Communications Engineering.",Bachelor's Degree,9,12,21
102377,Tuskegee University,,409,Architectural Sciences and Technology.,Bachelor's Degree,9,10,19
102377,Tuskegee University,,4510,Political Science and Government.,Bachelor's Degree,8,10,18
102377,Tuskegee University,,5208,Finance and Financial Management Services.,Bachelor's Degree,6,10,16
102377,Tuskegee University,,5218,"General Sales, Merchandising and Related Marketing Operations.",Bachelor's Degree,10,5,15
102377,Tuskegee University,,1101,"Computer and Information Sciences, General.",Bachelor's Degree,9,4,13
102377,Tuskegee University,,1312,"Teacher Education and Professional Development, Specific Levels and Methods.",Bachelor's Degree,6,7,13
102377,Tuskegee University,,1905,"Foods, Nutrition, and Related Services.",Bachelor's Degree,9,4,13
102377,Tuskegee University,,5203,Accounting and Related Services.,Bachelor's Degree,5,8,13
102377,Tuskegee University,,101,Agricultural Business and Management.,Bachelor's Degree,8,4,12
102377,Tuskegee University,,1107,Computer Science.,Bachelor's Degree,7,5,12
102377,Tuskegee University,,2301,"English Language and Literature, General.",Bachelor's Degree,6,4,10
102377,Tuskegee University,,4005,Chemistry.,Bachelor's Degree,4,6,10
102377,Tuskegee University,,301,Natural Resources Conservation and Research.,Bachelor's Degree,5,4,9
102377,Tuskegee University,,4407,Social Work.,Bachelor's Degree,3,6,9
102377,Tuskegee University,,4511,Sociology.,Bachelor's Degree,4,2,6
102377,Tuskegee University,,5401,History.,Bachelor's Degree,1,4,5
102377,Tuskegee University,,2701,Mathematics.,Bachelor's Degree,3,1,4
102377,Tuskegee University,,1313,"Teacher Education and Professional Development, Specific Subject Areas.",Bachelor's Degree,2,1,3
102377,Tuskegee University,,2401,"Liberal Arts and Sciences, General Studies and Humanities.",Bachelor's Degree,NA,2,2
102377,Tuskegee University,,4506,Economics.,Bachelor's Degree,1,1,2
102377,Tuskegee University,,5007,Fine and Studio Arts.,Bachelor's Degree,0,2,2
102377,Tuskegee University,,5009,Music.,Bachelor's Degree,2,0,2
102377,Tuskegee University,,4008,Physics.,Bachelor's Degree,1,0,1
102377,Tuskegee University,,5106,Dental Support Services and Allied Professions.,Bachelor's Degree,21,20,41
106412,University of Arkansas at Pine Bluff,,2601,"Biology, General.",Bachelor's Degree,37,33,70
106412,University of Arkansas at Pine Bluff,,1313,"Teacher Education and Professional Development, Specific Subject Areas.",Bachelor's Degree,38,26,64
106412,University of Arkansas at Pine Bluff,,2401,"Liberal Arts and Sciences, General Studies and Humanities.",Bachelor's Degree,27,31,58
106412,University of Arkansas at Pine Bluff,,4301,Criminal Justice and Corrections.,Bachelor's Degree,22,35,57
106412,University of Arkansas at Pine Bluff,,1506,Industrial Production Technologies/Technicians.,Bachelor's Degree,25,26,51
106412,University of Arkansas at Pine Bluff,,5138,"Registered Nursing, Nursing Administration, Nursing Research and Clinical Nursing.",Bachelor's Degree,18,22,40
106412,University of Arkansas at Pine Bluff,,4407,Social Work.,Bachelor's Degree,15,18,33
106412,University of Arkansas at Pine Bluff,,5123,Rehabilitation and Therapeutic Professions.,Bachelor's Degree,18,11,29
106412,University of Arkansas at Pine Bluff,,4501,"Social Sciences, General.",Bachelor's Degree,11,13,24
106412,University of Arkansas at Pine Bluff,,103,Agricultural Production Operations.,Bachelor's Degree,7,14,21
106412,University of Arkansas at Pine Bluff,,1901,"Family and Consumer Sciences/Human Sciences, General.",Bachelor's Degree,10,11,21
106412,University of Arkansas at Pine Bluff,,1101,"Computer and Information Sciences, General.",Bachelor's Degree,10,9,19
106412,University of Arkansas at Pine Bluff,,4005,Chemistry.,Bachelor's Degree,11,8,19
106412,University of Arkansas at Pine Bluff,,904,Journalism.,Bachelor's Degree,6,10,16
106412,University of Arkansas at Pine Bluff,,5007,Fine and Studio Arts.,Bachelor's Degree,9,7,16
106412,University of Arkansas at Pine Bluff,,4201,"Psychology, General.",Bachelor's Degree,5,10,15
106412,University of Arkansas at Pine Bluff,,5203,Accounting and Related Services.,Bachelor's Degree,7,5,12
106412,University of Arkansas at Pine Bluff,,5009,Music.,Bachelor's Degree,7,4,11
106412,University of Arkansas at Pine Bluff,,2301,"English Language and Literature, General.",Bachelor's Degree,6,4,10
106412,University of Arkansas at Pine Bluff,,1312,"Teacher Education and Professional Development, Specific Levels and Methods.",Bachelor's Degree,4,5,9
106412,University of Arkansas at Pine Bluff,,302,Environmental/Natural Resources Management and Policy.,Bachelor's Degree,3,3,6
106412,University of Arkansas at Pine Bluff,,1310,Special Education and Teaching.,Bachelor's Degree,2,0,2
106412,University of Arkansas at Pine Bluff,,1403,Agricultural Engineering.,Bachelor's Degree,1,1,2
106412,University of Arkansas at Pine Bluff,,5209,Hospitality Administration/Management.,Bachelor's Degree,NA,2,2
106412,University of Arkansas at Pine Bluff,,2701,Mathematics.,Bachelor's Degree,0,1,1
106412,University of Arkansas at Pine Bluff,,5110,Clinical/Medical Laboratory Science/Research and Allied Professions.,Bachelor's Degree,157,304,461
163338,University of Maryland Eastern Shore,,4301,Criminal Justice and Corrections.,Bachelor's Degree,37,23,60
163338,University of Maryland Eastern Shore,,3105,"Sports, Kinesiology, and Physical Education/Fitness.",Bachelor's Degree,25,19,44
163338,University of Maryland Eastern Shore,,4511,Sociology.,Bachelor's Degree,24,19,43
163338,University of Maryland Eastern Shore,,5209,Hospitality Administration/Management.,Bachelor's Degree,21,22,43
163338,University of Maryland Eastern Shore,,1901,"Family and Consumer Sciences/Human Sciences, General.",Bachelor's Degree,17,11,28
163338,University of Maryland Eastern Shore,,5202,"Business Administration, Management and Operations.",Bachelor's Degree,18,9,27
163338,University of Maryland Eastern Shore,,1101,"Computer and Information Sciences, General.",Bachelor's Degree,9,16,25
163338,University of Maryland Eastern Shore,,1401,"Engineering, General.",Bachelor's Degree,12,11,23
163338,University of Maryland Eastern Shore,,4201,"Psychology, General.",Bachelor's Degree,8,13,21
163338,University of Maryland Eastern Shore,,4901,Air Transportation.,Bachelor's Degree,9,12,21
163338,University of Maryland Eastern Shore,,1599,"Engineering/Engineering-Related Technologies/Technicians, Other.",Bachelor's Degree,11,9,20
163338,University of Maryland Eastern Shore,,3099,"Multi/Interdisciplinary Studies, Other.",Bachelor's Degree,8,12,20
163338,University of Maryland Eastern Shore,,5203,Accounting and Related Services.,Bachelor's Degree,10,7,17
163338,University of Maryland Eastern Shore,,100,"Agriculture, General.",Bachelor's Degree,6,10,16
163338,University of Maryland Eastern Shore,,1502,Civil Engineering Technologies/Technicians.,Bachelor's Degree,6,10,16
163338,University of Maryland Eastern Shore,,2301,"English Language and Literature, General.",Bachelor's Degree,6,9,15
163338,University of Maryland Eastern Shore,,5123,Rehabilitation and Therapeutic Professions.,Bachelor's Degree,9,3,12
163338,University of Maryland Eastern Shore,,1310,Special Education and Teaching.,Bachelor's Degree,5,6,11
163338,University of Maryland Eastern Shore,,5214,Marketing.,Bachelor's Degree,6,5,11
163338,University of Maryland Eastern Shore,,301,Natural Resources Conservation and Research.,Bachelor's Degree,NA,10,10
163338,University of Maryland Eastern Shore,,5004,Design and Applied Arts.,Bachelor's Degree,3,7,10
163338,University of Maryland Eastern Shore,,2602,"Biochemistry, Biophysics and Molecular Biology.",Bachelor's Degree,2,7,9
163338,University of Maryland Eastern Shore,,2613,"Ecology, Evolution, Systematics, and Population Biology.",Bachelor's Degree,6,0,6
163338,University of Maryland Eastern Shore,,4005,Chemistry.,Bachelor's Degree,2,2,4
163338,University of Maryland Eastern Shore,,5009,Music.,Bachelor's Degree,3,1,4
163338,University of Maryland Eastern Shore,,5208,Finance and Financial Management Services.,Bachelor's Degree,1,3,4
163338,University of Maryland Eastern Shore,,5401,History.,Bachelor's Degree,2,2,4
163338,University of Maryland Eastern Shore,,101,Agricultural Business and Management.,Bachelor's Degree,0,2,2
163338,University of Maryland Eastern Shore,,2701,Mathematics.,Bachelor's Degree,2,0,2
163338,University of Maryland Eastern Shore,,1313,"Teacher Education and Professional Development, Specific Subject Areas.",Bachelor's Degree,1,0,1
163338,University of Maryland Eastern Shore,,1104,Information Science/Studies.,Bachelor's Degree,1940,2001,3941
131399,University of the District of Columbia,,2601,"Biology, General.",Bachelor's Degree,30,21,51
131399,University of the District of Columbia,,1107,Computer Science.,Bachelor's Degree,31,19,50
131399,University of the District of Columbia,,4510,Political Science and Government.,Bachelor's Degree,30,19,49
131399,University of the District of Columbia,,1907,"Human Development, Family Studies, and Related Services.",Bachelor's Degree,16,20,36
131399,University of the District of Columbia,,4201,"Psychology, General.",Bachelor's Degree,15,19,34
131399,University of the District of Columbia,,5203,Accounting and Related Services.,Bachelor's Degree,19,15,34
131399,University of the District of Columbia,,5208,Finance and Financial Management Services.,Bachelor's Degree,20,14,34
131399,University of the District of Columbia,,1419,Mechanical Engineering.,Bachelor's Degree,13,20,33
131399,University of the District of Columbia,,2200,Non-Professional Legal Studies.,Bachelor's Degree,12,18,30
131399,University of the District of Columbia,,1101,"Computer and Information Sciences, General.",Bachelor's Degree,14,12,26
131399,University of the District of Columbia,,402,Architecture.,Bachelor's Degree,13,12,25
131399,University of the District of Columbia,,4407,Social Work.,Bachelor's Degree,12,12,24
131399,University of the District of Columbia,,5007,Fine and Studio Arts.,Bachelor's Degree,12,12,24
131399,University of the District of Columbia,,1408,Civil Engineering.,Bachelor's Degree,15,6,21
131399,University of the District of Columbia,,1312,"Teacher Education and Professional Development, Specific Levels and Methods.",Bachelor's Degree,12,8,20
131399,University of the District of Columbia,,3019,Nutrition Sciences.,Bachelor's Degree,10,9,19
131399,University of the District of Columbia,,4512,Urban Studies/Affairs.,Bachelor's Degree,10,9,19
131399,University of the District of Columbia,,907,"Radio, Television, and Digital Communication.",Bachelor's Degree,6,9,15
131399,University of the District of Columbia,,1503,Electrical/Electronic Engineering Technologies/Technicians.,Bachelor's Degree,3,11,14
131399,University of the District of Columbia,,2301,"English Language and Literature, General.",Bachelor's Degree,10,2,12
131399,University of the District of Columbia,,5009,Music.,Bachelor's Degree,7,5,12
131399,University of the District of Columbia,,5132,"Health Professions Education, Ethics, and Humanities.",Bachelor's Degree,4,7,11
131399,University of the District of Columbia,,5122,Public Health.,Bachelor's Degree,6,4,10
131399,University of the District of Columbia,,1405,Biomedical/Medical Engineering.,Bachelor's Degree,1,6,7
131399,University of the District of Columbia,,1310,Special Education and Teaching.,Bachelor's Degree,4,2,6
131399,University of the District of Columbia,,2701,Mathematics.,Bachelor's Degree,2,2,4
131399,University of the District of Columbia,,4005,Chemistry.,Bachelor's Degree,3,1,4
131399,University of the District of Columbia,,5209,Hospitality Administration/Management.,Bachelor's Degree,2,0,2
131399,University of the District of Columbia,,5202,"Business Administration, Management and Operations.",Bachelor's Degree,152,171,323
243665,University of the Virgin Islands,,5202,"Business Administration, Management and Operations.",Bachelor's Degree,31,27,58
243665,University of the Virgin Islands,,2601,"Biology, General.",Bachelor's Degree,20,18,38
243665,University of the Virgin Islands,,4201,"Psychology, General.",Bachelor's Degree,17,12,29
243665,University of the Virgin Islands,,5203,Accounting and Related Services.,Bachelor's Degree,14,15,29
243665,University of the Virgin Islands,,4301,Criminal Justice and Corrections.,Bachelor's Degree,9,15,24
243665,University of the Virgin Islands,,1312,"Teacher Education and Professional Development, Specific Levels and Methods.",Bachelor's Degree,8,10,18
243665,University of the Virgin Islands,,5209,Hospitality Administration/Management.,Bachelor's Degree,3,12,15
243665,University of the Virgin Islands,,2613,"Ecology, Evolution, Systematics, and Population Biology.",Bachelor's Degree,8,6,14
243665,University of the Virgin Islands,,901,Communication and Media Studies.,Bachelor's Degree,6,6,12
243665,University of the Virgin Islands,,1107,Computer Science.,Bachelor's Degree,5,6,11
243665,University of the Virgin Islands,,2703,Applied Mathematics.,Bachelor's Degree,6,4,10
243665,University of the Virgin Islands,,5214,Marketing.,Bachelor's Degree,3,4,7
243665,University of the Virgin Islands,,2701,Mathematics.,Bachelor's Degree,4,1,5
243665,University of the Virgin Islands,,4008,Physics.,Bachelor's Degree,4,1,5
243665,University of the Virgin Islands,,4005,Chemistry.,Bachelor's Degree,2,2,4
243665,University of the Virgin Islands,,4501,"Social Sciences, General.",Bachelor's Degree,4,0,4
243665,University of the Virgin Islands,,2301,"English Language and Literature, General.",Bachelor's Degree,2,1,3
243665,University of the Virgin Islands,,4407,Social Work.,Bachelor's Degree,2,0,2
243665,University of the Virgin Islands,,5009,Music.,Bachelor's Degree,1,1,2
243665,University of the Virgin Islands,,5202,"Business Administration, Management and Operations.",Bachelor's Degree,9,10,19
234155,Virginia State University,,4301,Criminal Justice and Corrections.,Bachelor's Degree,72,68,140
234155,Virginia State University,,5202,"Business Administration, Management and Operations.",Bachelor's Degree,52,51,103
234155,Virginia State University,,1313,"Teacher Education and Professional Development, Specific Subject Areas.",Bachelor's Degree,54,41,95
234155,Virginia State University,,901,Communication and Media Studies.,Bachelor's Degree,40,49,89
234155,Virginia State University,,2601,"Biology, General.",Bachelor's Degree,26,29,55
234155,Virginia State University,,4511,Sociology.,Bachelor's Degree,31,15,46
234155,Virginia State University,,5214,Marketing.,Bachelor's Degree,23,22,45
234155,Virginia State University,,4407,Social Work.,Bachelor's Degree,24,20,44
234155,Virginia State University,,4510,Political Science and Government.,Bachelor's Degree,20,24,44
234155,Virginia State University,,1107,Computer Science.,Bachelor's Degree,14,27,41
234155,Virginia State University,,1508,Mechanical Engineering Related Technologies/Technicians.,Bachelor's Degree,16,20,36
234155,Virginia State University,,2401,"Liberal Arts and Sciences, General Studies and Humanities.",Bachelor's Degree,18,14,32
234155,Virginia State University,,3099,"Multi/Interdisciplinary Studies, Other.",Bachelor's Degree,15,17,32
234155,Virginia State University,,5203,Accounting and Related Services.,Bachelor's Degree,12,18,30
234155,Virginia State University,,100,"Agriculture, General.",Bachelor's Degree,15,14,29
234155,Virginia State University,,5212,Management Information Systems and Services.,Bachelor's Degree,16,12,28
234155,Virginia State University,,1506,Industrial Production Technologies/Technicians.,Bachelor's Degree,11,12,23
234155,Virginia State University,,5209,Hospitality Administration/Management.,Bachelor's Degree,10,12,22
234155,Virginia State University,,5001,"Visual and Performing Arts, General.",Bachelor's Degree,13,8,21
234155,Virginia State University,,2701,Mathematics.,Bachelor's Degree,6,14,20
234155,Virginia State University,,1409,Computer Engineering.,Bachelor's Degree,9,10,19
234155,Virginia State University,,1904,Family and Consumer Economics and Related Studies.,Bachelor's Degree,10,7,17
234155,Virginia State University,,5401,History.,Bachelor's Degree,6,9,15
234155,Virginia State University,,1503,Electrical/Electronic Engineering Technologies/Technicians.,Bachelor's Degree,8,5,13
234155,Virginia State University,,2301,"English Language and Literature, General.",Bachelor's Degree,6,7,13
234155,Virginia State University,,4005,Chemistry.,Bachelor's Degree,7,2,9
234155,Virginia State University,,1436,Manufacturing Engineering.,Bachelor's Degree,4,4,8
234155,Virginia State University,,5009,Music.,Bachelor's Degree,3,3,6
234155,Virginia State University,,5138,"Registered Nursing, Nursing Administration, Nursing Research and Clinical Nursing.",Bachelor's Degree,1,5,6
234155,Virginia State University,,5206,Business/Managerial Economics.,Bachelor's Degree,2,3,5
234155,Virginia State University,,1310,Special Education and Teaching.,Bachelor's Degree,NA,1,1
234155,Virginia State University,,1312,"Teacher Education and Professional Development, Specific Levels and Methods.",Bachelor's Degree,NA,1,1
234155,Virginia State University,,4504,Criminology.,Bachelor's Degree,23,12,35
234164,Virginia Union University,,2601,"Biology, General.",Bachelor's Degree,18,12,30
234164,Virginia Union University,,1312,"Teacher Education and Professional Development, Specific Levels and Methods.",Bachelor's Degree,20,4,24
234164,Virginia Union University,,4407,Social Work.,Bachelor's Degree,16,8,24
234164,Virginia Union University,,5202,"Business Administration, Management and Operations.",Bachelor's Degree,12,12,24
234164,Virginia Union University,,4201,"Psychology, General.",Bachelor's Degree,12,11,23
234164,Virginia Union University,,901,Communication and Media Studies.,Bachelor's Degree,11,10,21
234164,Virginia Union University,,5218,"General Sales, Merchandising and Related Marketing Operations.",Bachelor's Degree,6,7,13
234164,Virginia Union University,,1101,"Computer and Information Sciences, General.",Bachelor's Degree,3,6,9
234164,Virginia Union University,,5203,Accounting and Related Services.,Bachelor's Degree,6,3,9
234164,Virginia Union University,,2902,"Intelligence, Command Control and Information Operations.",Bachelor's Degree,NA,8,8
234164,Virginia Union University,,4008,Physics.,Bachelor's Degree,1,7,8
234164,Virginia Union University,,5007,Fine and Studio Arts.,Bachelor's Degree,3,5,8
234164,Virginia Union University,,1313,"Teacher Education and Professional Development, Specific Subject Areas.",Bachelor's Degree,2,5,7
234164,Virginia Union University,,5401,History.,Bachelor's Degree,5,2,7
234164,Virginia Union University,,5009,Music.,Bachelor's Degree,3,3,6
234164,Virginia Union University,,2701,Mathematics.,Bachelor's Degree,3,2,5
234164,Virginia Union University,,4005,Chemistry.,Bachelor's Degree,3,1,4
234164,Virginia Union University,,5199,"Health Professions and Related Clinical Sciences, Other.",Bachelor's Degree,1,3,4
234164,Virginia Union University,,2301,"English Language and Literature, General.",Bachelor's Degree,1,2,3
234164,Virginia Union University,,4510,Political Science and Government.,Bachelor's Degree,2,1,3
234164,Virginia Union University,,5208,Finance and Financial Management Services.,Bachelor's Degree,0,3,3
234164,Virginia Union University,,1310,Special Education and Teaching.,Bachelor's Degree,1,1,2
234164,Virginia Union University,,3099,"Multi/Interdisciplinary Studies, Other.",Bachelor's Degree,2,NA,2
234164,Virginia Union University,,5201,"Business/Commerce, General.",Bachelor's Degree,4,4,8
234137,Virginia University of Lynchburg,,4511,Sociology.,Bachelor's Degree,3,1,4
234137,Virginia University of Lynchburg,,3802,Religion/Religious Studies.,Bachelor's Degree,2,1,3
234137,Virginia University of Lynchburg,,5202,"Business Administration, Management and Operations.",Bachelor's Degree,38,42,80
218919,Voorhees University,,2601,"Biology, General.",Bachelor's Degree,9,12,21
218919,Voorhees University,,3105,"Sports, Kinesiology, and Physical Education/Fitness.",Bachelor's Degree,14,5,19
218919,Voorhees University,,4301,Criminal Justice and Corrections.,Bachelor's Degree,8,11,19
218919,Voorhees University,,4201,"Psychology, General.",Bachelor's Degree,11,6,17
218919,Voorhees University,,3000,"Multi-/Interdisciplinary Studies, General.",Bachelor's Degree,8,6,14
218919,Voorhees University,,1907,"Human Development, Family Studies, and Related Services.",Bachelor's Degree,11,1,12
218919,Voorhees University,,1101,"Computer and Information Sciences, General.",Bachelor's Degree,5,5,10
218919,Voorhees University,,5122,Public Health.,Bachelor's Degree,0,6,6
218919,Voorhees University,,4511,Sociology.,Bachelor's Degree,4,1,5
218919,Voorhees University,,901,Communication and Media Studies.,Bachelor's Degree,2,2,4
218919,Voorhees University,,3906,Theological and Ministerial Studies.,Bachelor's Degree,1,3,4
218919,Voorhees University,,5203,Accounting and Related Services.,Bachelor's Degree,3,0,3
218919,Voorhees University,,4303,Homeland Security.,Bachelor's Degree,1,0,1
218919,Voorhees University,,4510,Political Science and Government.,Bachelor's Degree,21,20,41
237899,West Virginia State University,,2401,"Liberal Arts and Sciences, General Studies and Humanities.",Bachelor's Degree,53,34,87
237899,West Virginia State University,,4301,Criminal Justice and Corrections.,Bachelor's Degree,36,25,61
237899,West Virginia State University,,1312,"Teacher Education and Professional Development, Specific Levels and Methods.",Bachelor's Degree,35,25,60
237899,West Virginia State University,,3105,"Sports, Kinesiology, and Physical Education/Fitness.",Bachelor's Degree,25,21,46
237899,West Virginia State University,,4201,"Psychology, General.",Bachelor's Degree,24,11,35
237899,West Virginia State University,,4407,Social Work.,Bachelor's Degree,18,13,31
237899,West Virginia State University,,901,Communication and Media Studies.,Bachelor's Degree,15,7,22
237899,West Virginia State University,,2601,"Biology, General.",Bachelor's Degree,9,13,22
237899,West Virginia State University,,5199,"Health Professions and Related Clinical Sciences, Other.",Bachelor's Degree,8,9,17
237899,West Virginia State University,,4506,Economics.,Bachelor's Degree,10,5,15
237899,West Virginia State University,,2301,"English Language and Literature, General.",Bachelor's Degree,8,6,14
237899,West Virginia State University,,1107,Computer Science.,Bachelor's Degree,8,3,11
237899,West Virginia State University,,4510,Political Science and Government.,Bachelor's Degree,3,5,8
237899,West Virginia State University,,5401,History.,Bachelor's Degree,3,5,8
237899,West Virginia State University,,5009,Music.,Bachelor's Degree,5,2,7
237899,West Virginia State University,,5138,"Registered Nursing, Nursing Administration, Nursing Research and Clinical Nursing.",Bachelor's Degree,0,7,7
237899,West Virginia State University,,5007,Fine and Studio Arts.,Bachelor's Degree,2,4,6
237899,West Virginia State University,,4005,Chemistry.,Bachelor's Degree,1,4,5
237899,West Virginia State University,,2701,Mathematics.,Bachelor's Degree,3,1,4
237899,West Virginia State University,,4511,Sociology.,Bachelor's Degree,1,3,4
237899,West Virginia State University,,3020,International/Globalization Studies.,Bachelor's Degree,2,1,3
237899,West Virginia State University,,5138,"Registered Nursing, Nursing Administration, Nursing Research and Clinical Nursing.",Bachelor's Degree,223,186,409
206491,Wilberforce University,,4407,Social Work.,Bachelor's Degree,14,1,15
206491,Wilberforce University,,4510,Political Science and Government.,Bachelor's Degree,8,5,13
206491,Wilberforce University,,5122,Public Health.,Bachelor's Degree,3,9,12
206491,Wilberforce University,,901,Communication and Media Studies.,Bachelor's Degree,4,7,11
206491,Wilberforce University,,2601,"Biology, General.",Bachelor's Degree,6,2,8
206491,Wilberforce University,,4201,"Psychology, General.",Bachelor's Degree,4,4,8
206491,Wilberforce University,,4301,Criminal Justice and Corrections.,Bachelor's Degree,2,4,6
206491,Wilberforce University,,5203,Accounting and Related Services.,Bachelor's Degree,4,1,5
206491,Wilberforce University,,5214,Marketing.,Bachelor's Degree,3,2,5
206491,Wilberforce University,,5123,Rehabilitation and Therapeutic Professions.,Bachelor's Degree,2,1,3
206491,Wilberforce University,,4511,Sociology.,Bachelor's Degree,1,1,2
206491,Wilberforce University,,5212,Management Information Systems and Services.,Bachelor's Degree,NA,2,2
206491,Wilberforce University,,1410,"Electrical, Electronics, and Communications Engineering.",Bachelor's Degree,1,0,1
206491,Wilberforce University,,2301,"English Language and Literature, General.",Bachelor's Degree,1,NA,1
206491,Wilberforce University,,5202,"Business Administration, Management and Operations.",Bachelor's Degree,38,31,69
229887,Wiley University,,3000,"Multi-/Interdisciplinary Studies, General.",Bachelor's Degree,27,28,55
229887,Wiley University,,4301,Criminal Justice and Corrections.,Bachelor's Degree,24,12,36
229887,Wiley University,,2601,"Biology, General.",Bachelor's Degree,7,9,16
229887,Wiley University,,4511,Sociology.,Bachelor's Degree,4,7,11
229887,Wiley University,,901,Communication and Media Studies.,Bachelor's Degree,1,5,6
229887,Wiley University,,5203,Accounting and Related Services.,Bachelor's Degree,2,0,2
229887,Wiley University,,5212,Management Information Systems and Services.,Bachelor's Degree,1,1,2
229887,Wiley University,,1312,"Teacher Education and Professional Development, Specific Levels and Methods.",Bachelor's Degree,1,0,1
229887,Wiley University,,1313,"Teacher Education and Professional Development, Specific Subject Areas.",Bachelor's Degree,1,0,1
229887,Wiley University,,2703,Applied Mathematics.,Bachelor's Degree,0,1,1
229887,Wiley University,,3802,Religion/Religious Studies.,Bachelor's Degree,1,0,1
229887,Wiley University,,5138,"Registered Nursing, Nursing Administration, Nursing Research and Clinical Nursing.",Bachelor's Degree,134,138,272
199999,Winston-Salem State University,,5107,Health and Medical Administrative Services.,Bachelor's Degree,81,82,163
199999,Winston-Salem State University,,3105,"Sports, Kinesiology, and Physical Education/Fitness.",Bachelor's Degree,79,76,155
199999,Winston-Salem State University,,5202,"Business Administration, Management and Operations.",Bachelor's Degree,60,64,124
199999,Winston-Salem State University,,4201,"Psychology, General.",Bachelor's Degree,53,65,118
199999,Winston-Salem State University,,2601,"Biology, General.",Bachelor's Degree,68,43,111
199999,Winston-Salem State University,,5110,Clinical/Medical Laboratory Science/Research and Allied Professions.,Bachelor's Degree,53,54,107
199999,Winston-Salem State University,,5123,Rehabilitation and Therapeutic Professions.,Bachelor's Degree,50,42,92
199999,Winston-Salem State University,,2401,"Liberal Arts and Sciences, General Studies and Humanities.",Bachelor's Degree,37,53,90
199999,Winston-Salem State University,,4301,Criminal Justice and Corrections.,Bachelor's Degree,44,36,80
199999,Winston-Salem State University,,4407,Social Work.,Bachelor's Degree,30,47,77
199999,Winston-Salem State University,,901,Communication and Media Studies.,Bachelor's Degree,31,42,73
199999,Winston-Salem State University,,1312,"Teacher Education and Professional Development, Specific Levels and Methods.",Bachelor's Degree,21,29,50
199999,Winston-Salem State University,,4506,Economics.,Bachelor's Degree,10,19,29
199999,Winston-Salem State University,,4510,Political Science and Government.,Bachelor's Degree,14,15,29
199999,Winston-Salem State University,,1107,Computer Science.,Bachelor's Degree,17,6,23
199999,Winston-Salem State University,,1313,"Teacher Education and Professional Development, Specific Subject Areas.",Bachelor's Degree,6,16,22
199999,Winston-Salem State University,,5203,Accounting and Related Services.,Bachelor's Degree,14,7,21
199999,Winston-Salem State University,,1101,"Computer and Information Sciences, General.",Bachelor's Degree,8,12,20
199999,Winston-Salem State University,,5009,Music.,Bachelor's Degree,10,9,19
199999,Winston-Salem State University,,5007,Fine and Studio Arts.,Bachelor's Degree,9,9,18
199999,Winston-Salem State University,,4511,Sociology.,Bachelor's Degree,7,9,16
199999,Winston-Salem State University,,4005,Chemistry.,Bachelor's Degree,8,5,13
199999,Winston-Salem State University,,2701,Mathematics.,Bachelor's Degree,3,6,9
199999,Winston-Salem State University,,2301,"English Language and Literature, General.",Bachelor's Degree,1,7,8
199999,Winston-Salem State University,,5401,History.,Bachelor's Degree,3,4,7
199999,Winston-Salem State University,,3011,Gerontology.,Bachelor's Degree,4,2,6
199999,Winston-Salem State University,,502,"Ethnic, Cultural Minority, Gender, and Group Studies.",Bachelor's Degree,2,1,3
199999,Winston-Salem State University,,3103,"Parks, Recreation, and Leisure Facilities Management.",Bachelor's Degree,1,0,1
199999,Winston-Salem State University,,5202,"Business Administration, Management and Operations.",Bachelor's Degree,167,141,308
206622,Xavier University,,5214,Marketing.,Bachelor's Degree,104,104,208
206622,Xavier University,,3105,"Sports, Kinesiology, and Physical Education/Fitness.",Bachelor's Degree,77,75,152
206622,Xavier University,,4510,Political Science and Government.,Bachelor's Degree,59,58,117
206622,Xavier University,,5208,Finance and Financial Management Services.,Bachelor's Degree,66,48,114
206622,Xavier University,,4201,"Psychology, General.",Bachelor's Degree,54,55,109
206622,Xavier University,,2401,"Liberal Arts and Sciences, General Studies and Humanities.",Bachelor's Degree,44,54,98
206622,Xavier University,,2601,"Biology, General.",Bachelor's Degree,41,44,85
206622,Xavier University,,5202,"Business Administration, Management and Operations.",Bachelor's Degree,38,38,76
206622,Xavier University,,901,Communication and Media Studies.,Bachelor's Degree,36,36,72
206622,Xavier University,,5203,Accounting and Related Services.,Bachelor's Degree,34,38,72
206622,Xavier University,,3071,Data Analytics.,Bachelor's Degree,38,29,67
206622,Xavier University,,5199,"Health Professions and Related Clinical Sciences, Other.",Bachelor's Degree,26,32,58
206622,Xavier University,,4301,Criminal Justice and Corrections.,Bachelor's Degree,22,30,52
206622,Xavier University,,3018,Natural Sciences.,Bachelor's Degree,25,25,50
206622,Xavier University,,909,"Public Relations, Advertising, and Applied Communication.",Bachelor's Degree,29,18,47
206622,Xavier University,,1107,Computer Science.,Bachelor's Degree,21,25,46
206622,Xavier University,,1312,"Teacher Education and Professional Development, Specific Levels and Methods.",Bachelor's Degree,18,27,45
206622,Xavier University,,2301,"English Language and Literature, General.",Bachelor's Degree,12,21,33
206622,Xavier University,,1609,"Romance Languages, Literatures, and Linguistics.",Bachelor's Degree,13,19,32
206622,Xavier University,,5207,Entrepreneurial and Small Business Operations.,Bachelor's Degree,19,12,31
206622,Xavier University,,5401,History.,Bachelor's Degree,14,17,31
206622,Xavier University,,2701,Mathematics.,Bachelor's Degree,12,16,28
206622,Xavier University,,4407,Social Work.,Bachelor's Degree,13,15,28
206622,Xavier University,,5005,Drama/Theatre Arts and Stagecraft.,Bachelor's Degree,16,12,28
206622,Xavier University,,5206,Business/Managerial Economics.,Bachelor's Degree,12,16,28
206622,Xavier University,,301,Natural Resources Conservation and Research.,Bachelor's Degree,9,17,26
206622,Xavier University,,4005,Chemistry.,Bachelor's Degree,15,10,25
206622,Xavier University,,5006,Film/Video and Photographic Arts.,Bachelor's Degree,13,11,24
206622,Xavier University,,5213,Management Sciences and Quantitative Methods.,Bachelor's Degree,8,16,24
206622,Xavier University,,2699,"Biological and Biomedical Sciences, Other.",Bachelor's Degree,5,14,19
206622,Xavier University,,907,"Radio, Television, and Digital Communication.",Bachelor's Degree,10,8,18
206622,Xavier University,,4506,Economics.,Bachelor's Degree,10,8,18
206622,Xavier University,,5211,International Business.,Bachelor's Degree,7,9,16
206622,Xavier University,,1310,Special Education and Teaching.,Bachelor's Degree,8,7,15
206622,Xavier University,,5212,Management Information Systems and Services.,Bachelor's Degree,7,6,13
206622,Xavier University,,5007,Fine and Studio Arts.,Bachelor's Degree,5,7,12
206622,Xavier University,,5004,Design and Applied Arts.,Bachelor's Degree,7,4,11
206622,Xavier University,,3801,Philosophy.,Bachelor's Degree,5,4,9
206622,Xavier University,,5210,Human Resources Management and Services.,Bachelor's Degree,7,2,9
206622,Xavier University,,1313,"Teacher Education and Professional Development, Specific Subject Areas.",Bachelor's Degree,3,5,8
206622,Xavier University,,1412,Engineering Physics.,Bachelor's Degree,5,3,8
206622,Xavier University,,1612,"Classics and Classical Languages, Literatures, and Linguistics.",Bachelor's Degree,5,3,8
206622,Xavier University,,5009,Music.,Bachelor's Degree,3,5,8
206622,Xavier University,,3033,Sustainability Studies.,Bachelor's Degree,1,5,6
206622,Xavier University,,4099,"Physical Sciences, Other.",Bachelor's Degree,3,3,6
206622,Xavier University,,4511,Sociology.,Bachelor's Degree,4,2,6
206622,Xavier University,,502,"Ethnic, Cultural Minority, Gender, and Group Studies.",Bachelor's Degree,1,2,3
206622,Xavier University,,3906,Theological and Ministerial Studies.,Bachelor's Degree,3,0,3
206622,Xavier University,,1407,Chemical Engineering.,Bachelor's Degree,1,1,2
206622,Xavier University,,2602,"Biochemistry, Biophysics and Molecular Biology.",Bachelor's Degree,1,1,2
206622,Xavier University,,103,Agricultural Production Operations.,Bachelor's Degree,1,0,1
206622,Xavier University,,1605,"Germanic Languages, Literatures, and Linguistics.",Bachelor's Degree,1,0,1
206622,Xavier University,,4008,Physics.,Bachelor's Degree,1,0,1
206622,Xavier University,,2601,"Biology, General.",Bachelor's Degree,122,145,267